선박,월,v_판정,주입TRO평균,배출TRO최대,주입전압,주입전류,미복귀트립,가스,전압미인가,★내라벨,종합요약(ai_remarks)
KMTC SINGAPORE,2026-02,ACTION,,,5.94,1912.56,80,0,0,ACTION,"[운전 현황] 주입 33회 / 배출 15회. 주입 TRO 미수신. 배출 TRO 최댓값 미수신. 총 처리량: 주입 3840m³/12.59h, 배출 2380m³/7.8h.  ‖  [ECU] 전류 1922.57A / 유량 300m³/h / ANU Operating.  ‖  🔧 밸브 이상 (Alarm 25건) — 밸브 공압 실린더, 리미트 스위치, 솔레노이드 밸브 점검  ‖  🚨 안전 경고 (Alarm 1건) — IMO 규정 위반 가능성. 즉시 운전 중지 후 밸브 라인업 및 TRO 센서 확인  ‖  ⚠️ 기타 (Alarm 2건) — 상세 원인 확인 후 제조사 기술지원 요청  ‖  🔬 TRO 이상 (Trip 2건) — Ballast 중 TRO <5mg/L (3회 연속 시 발생). CLX 시약 유효기간 및 TSU Bypass Line 소통 상태 점검  ‖  🧪 중화제 이상 (Alarm 3건) — 오버플로우 방지 밸브 및 배출 라인 점검. 레벨 센서 고착 여부 확인  ‖  ⚡ ECU/전원 이상 (Alarm 1건) — 자동 운전 불가 상태. RCM 셀렉트 스위치 변경 또는 원인 알람 확인 후 리셋  ‖  ⚠️ 반복 알람: CODE721(22회), CODE200(17회), CODE727(7회), CODE774(6회), CODE220(5회) — 근본 원인 분석(RCA) 필요  ‖  [운전 이상] [운전시간 오류] 3건, [중복기록 의심] 1건.  ‖  [운항 해역] 동남아시아, 동아시아.  ‖  [종합] Trip 2건 발생. 즉각적인 장비 점검 및 원인 분석이 필요합니다. 알람 다발 — 정비 이력 확인 권장."
KMTC PUSAN,2026-01,ACTION,4.96,1.29,4.33,1442.23,7,0,0,ACTION,"[운전 현황] 주입 33회 / 배출 6회. 주입 TRO 최솟값 0.5ppm / 평균 4.96ppm(5~10ppm 미달). 배출 TRO 최댓값 1.29ppm(IMO 기준 초과). 총 처리량: 주입 890m³/3.33h, 배출 1005m³/4.72h.  ‖  [ECU] 전류 1442.23A / 유량 239.56m³/h / ANU Operating.  ‖  [TRO 경고] 배출 TRO 1.29ppm — IMO 기준(0.1ppm) 대폭 초과. TRO 센서 교차오염, Ballast/Deballast 컬럼 혼동, 또는 중화 불량 가능성. Data Log 원본 확인 권장.  ‖  🔬 TRO 이상 (Trip 1건 / Alarm 1건) — Ballast >10mg/L 또는 Deballast >0.1mg/L(IMO)/>0.07mg/L(USCG). STS 주입 펌프 및 ANU 탱크 레벨 확인  ‖  🔧 밸브 이상 (Alarm 12건) — 밸브 공압 실린더, 리미트 스위치, 솔레노이드 밸브 점검  ‖  ⚡ ECU/전원 이상 (Trip 1건) — ECU 내부 점검 — 전류 과부하(>PRU×1125A), 고압(>4.5bar), 고온(>45°C), VLS 에러 가능성. PRU 상태 및 전극 확인  ‖  ⚠️ 기타 (Alarm 1건) — 상세 원인 확인 후 제조사 기술지원 요청  ‖  🌡️ 환경/센서 (Alarm 1건) — 염분 <1.0PSU (1분 지속 Alarm, 2분 Fault). 저염분 해역 운항 시 처리 효율 저하. CSU 센서 점검  ‖  💧 유량 이상 (Trip 2건) — 유량 >110% (저염분 Mixing 시 >80%). 3분 지속 Alarm, 5분 Fault. 유량 조절 밸브 및 FMU 센서 점검  ‖  🚨 안전 경고 (Alarm 1건) — IMO 규정 위반 가능성. 즉시 운전 중지 후 밸브 라인업 및 TRO 센서 확인  ‖  ⚠️ 반복 알람: CODE100(14회), CODE774(8회), CODE731(7회), CODE200(6회) — 근본 원인 분석(RCA) 필요  ‖  [운전 이상] [중복기록 의심] 2건, [볼륨 미기록 의심] 1건.  ‖  [운항 해역] 동남아시아, 동아시아.  ‖  [종합] Trip 4건 발생, 주입 TRO 미달, 배출 TRO 기준 초과, 배출 TRO 이상값 확인 필요. 즉각적인 장비 점검 및 원인 분석이 필요합니다. 알람 다발 — 정비 이력 확인 권장."
KMTC PUSAN,2026-02,ACTION,3.15,11.51,3.68,1767.51,7,0,0,ACTION,"[운전 현황] 주입 40회 / 배출 10회. 주입 TRO 최솟값 0.11ppm / 평균 3.15ppm(5~10ppm 미달). 배출 TRO 최댓값 11.51ppm(IMO 기준 초과). 총 처리량: 주입 846m³/3.01h, 배출 1059m³/5.1h.  ‖  [ECU] 전류 1767.51A / 유량 238.51m³/h / ANU Operating.  ‖  [TRO 경고] 배출 TRO 11.51ppm — IMO 기준(0.1ppm) 대폭 초과. TRO 센서 교차오염, Ballast/Deballast 컬럼 혼동, 또는 중화 불량 가능성. Data Log 원본 확인 권장.  ‖  ⚡ ECU/전원 이상 (Trip 1건) — ECU 내부 점검 — 전류 과부하(>PRU×1125A), 고압(>4.5bar), 고온(>45°C), VLS 에러 가능성. PRU 상태 및 전극 확인  ‖  💧 유량 이상 (Trip 1건) — 유량 >110% (저염분 Mixing 시 >80%). 3분 지속 Alarm, 5분 Fault. 유량 조절 밸브 및 FMU 센서 점검  ‖  🔧 밸브 이상 (Alarm 13건) — 밸브 작동 중 ECS 비정상 종료. 밸브 현재 위치 확인 후 수동 리셋  ‖  🔬 TRO 이상 (Trip 1건 / Alarm 1건) — Ballast >10mg/L 또는 Deballast >0.1mg/L(IMO)/>0.07mg/L(USCG). STS 주입 펌프 및 ANU 탱크 레벨 확인  ‖  🧪 중화제 이상 (Alarm 2건) — 중화제 보충 필요. 레벨 센서 및 공급 라인 밸브 점검  ‖  ⚠️ 반복 알람: CODE605(18회), CODE100(13회), CODE200(9회), CODE731(7회) — 근본 원인 분석(RCA) 필요  ‖  [운전 이상] [중복기록 의심] 2건.  ‖  [운항 해역] 동남아시아, 동아시아.  ‖  [종합] Trip 3건 발생, 주입 TRO 미달, 배출 TRO 기준 초과, 배출 TRO 이상값 확인 필요. 즉각적인 장비 점검 및 원인 분석이 필요합니다. 알람 다발 — 정비 이력 확인 권장."
KMTC QINGDAO,2026-02,ACTION,,,6.7,2475.91,5,0,0,ACTION,"[운전 현황] 주입 21회 / 배출 4회. 주입 TRO 미수신. 배출 TRO 최댓값 미수신. 총 처리량: 주입 2334m³/3.89h, 배출 2393m³/4.42h.  ‖  [ECU] 전류 2486.14A / 유량 556.41m³/h / ANU Standby.  ‖  🔧 밸브 이상 (Alarm 6건) — 밸브 공압 실린더, 리미트 스위치, 솔레노이드 밸브 점검  ‖  🔬 TRO 이상 (Trip 1건) — Ballast 중 TRO <5mg/L (3회 연속 시 발생). CLX 시약 유효기간 및 TSU Bypass Line 소통 상태 점검  ‖  🚨 안전 경고 (Alarm 1건) — IMO 규정 위반 가능성. 즉시 운전 중지 후 밸브 라인업 및 TRO 센서 확인  ‖  ⚠️ 기타 (Alarm 1건) — 상세 원인 확인 후 제조사 기술지원 요청  ‖  🌡️ 환경/센서 (Trip 1건) — 염분 <1.0PSU (1분 지속 Alarm, 2분 Fault). 저염분 해역 운항 시 처리 효율 저하. CSU 센서 점검  ‖  ⚠️ 반복 알람: CODE220(15회), CODE200(8회), CODE727(5회) — 근본 원인 분석(RCA) 필요  ‖  [운항 해역] 동남아시아, 동아시아.  ‖  [종합] Trip 2건 발생. 즉각적인 장비 점검 및 원인 분석이 필요합니다. 알람 다발 — 정비 이력 확인 권장."
KMTC KEELUNG,2026-04,ACTION,,,3.88,1706.5,8,0,0,ACTION,"[운전 현황] 운용 3일(발라스팅 2일 / 디발라스팅 1일). 주입 6회 / 배출 3회. 주입 TRO 미수신. 배출 TRO 최댓값 미수신. 총 처리량: 주입 601m³/2.34h, 배출 651m³/3.09h.  ‖  [ECU] 전류 1706.5A / 유량 229.44m³/h / ANU Operating.  ‖  ⚠️ 기타 (Alarm 1건) — 상세 원인 확인 후 제조사 기술지원 요청  ‖  🚨 안전 경고 (Alarm 1건) — IMO 규정 위반 가능성. 즉시 운전 중지 후 밸브 라인업 및 TRO 센서 확인  ‖  🧪 중화제 이상 (Alarm 2건) — 중화제(NaCl) 초기 충전 필요. 레벨 센서 영점 교정 및 탱크 상태 확인  ‖  🔧 밸브 이상 (Alarm 4건) — 밸브 공압 실린더, 리미트 스위치, 솔레노이드 밸브 점검  ‖  📡 통신 장애 (Trip 1건) — ECS 장비 간 통신 두절. 1분 지속 시 Shutdown. RTU/AIM 모듈 케이블 및 커넥터 점검  ‖  🔬 TRO 이상 (Trip 1건) — Ballast 중 TRO <5mg/L (3회 연속 시 발생). CLX 시약 유효기간 및 TSU Bypass Line 소통 상태 점검  ‖  ⚠️ 반복 알람: CODE200(5회) — 근본 원인 분석(RCA) 필요  ‖  [운항 해역] 동남아시아, 동아시아.  ‖  [종합] Trip 2건 발생. 즉각적인 장비 점검 및 원인 분석이 필요합니다. 알람 다발 — 정비 이력 확인 권장."
KMTC NINGBO,2026-04,ACTION,,,4.03,2650.61,0,0,0,ACTION,"[운전 현황] 운용 2일(발라스팅 2일 / 디발라스팅 0일). 주입 9회 / 배출 0회. 주입 TRO 미수신(5~10ppm 미달). 배출 TRO 최댓값 미수신(IMO 기준 충족). 총 처리량: 주입 539m³/1.36h, 배출 0m³/0h.  ‖  [ECU] 전류 2650.61A / 유량 399.11m³/h / ANU Standby — 정상 상관관계.  ‖  🔬 TRO 이상 (Trip 10건 / Alarm 0건) — CLX 시약 유효기간 및 TSU Bypass Line 점검 / STS 주입 펌프 점검.  ‖  🌊 유량 이상 (Trip 0건 / Alarm 4건) — 유량 센서 점검 및 필터 청소.  ‖  ⚠️ 반복 알람: CODE200(10회), CODE220(4회) — 근본 원인 분석(RCA) 필요.  ‖  [운항 해역] 태평양.  ‖  [종합] Trip 10건 발생, 주입 TRO 미수신. 즉각적인 장비 점검 및 원인 분석이 필요합니다."
KMTC SHENZHEN,2026-04,ACTION,,,4.77,2798.79,20,47,0,ACTION,"[운전 현황] 운용 4일(발라스팅 2일 / 디발라스팅 4일). 주입 11회 / 배출 16회. 주입 TRO 미수신. 배출 TRO 최댓값 미수신. 총 처리량: 주입 324m³/0.79h, 배출 5045m³/11.45h.  ‖  [ECU] 전류 2798.79A / 유량 414.05m³/h / ANU Standby.  ‖  🔧 밸브 이상 (Alarm 8건) — 밸브 작동 중 ECS 비정상 종료. 밸브 현재 위치 확인 후 수동 리셋  ‖  🔬 TRO 이상 (Alarm 1건) — Ballast 중 TRO <5mg/L (3회 연속 시 발생). CLX 시약 유효기간 및 TSU Bypass Line 소통 상태 점검  ‖  ⚡ ECU/전원 이상 (Trip 4건) — ECU 내부 점검 — 전류 과부하(>PRU×1125A), 고압(>4.5bar), 고온(>45°C), VLS 에러 가능성. PRU 상태 및 전극 확인  ‖  ⚠️ 기타 (Alarm 3건) — 상세 원인 확인 후 제조사 기술지원 요청  ‖  📡 통신 장애 (Trip 2건) — 해당 센서 배선 및 커넥터 점검. 센서 모듈 교체 필요 여부 확인  ‖  🚨 안전 경고 (Alarm 1건) — IMO 규정 위반 가능성. 즉시 운전 중지 후 밸브 라인업 및 TRO 센서 확인  ‖  ⚠️ 반복 알람: CODE703(6회), CODE406(6회), CODE100(5회), CODE727(5회) — 근본 원인 분석(RCA) 필요  ‖  [운전 이상] [종료시간 누락] 2건, [중복기록 의심] 1건.  ‖  [운항 해역] 동아시아.  ‖  [종합] Trip 6건 발생. 즉각적인 장비 점검 및 원인 분석이 필요합니다. 알람 다발 — 정비 이력 확인 권장."
KMTC SHENZHEN,2026-05,ACTION,,,,,7,0,0,ACTION,"[운전 현황] 운용 15일(발라스팅 13일 / 디발라스팅 9일). 주입 132회 / 배출 38회. 주입 TRO 미수신. 배출 TRO 최댓값 미수신. 총 처리량: 주입 15030m³/60.26h, 배출 7631m³/33.61h.  ‖  🔧 밸브 이상 (Alarm 71건) — 밸브 작동 중 ECS 비정상 종료. 밸브 현재 위치 확인 후 수동 리셋  ‖  🔬 TRO 이상 (Trip 12건) — Ballast 중 TRO <5mg/L (3회 연속 시 발생). CLX 시약 유효기간 및 TSU Bypass Line 소통 상태 점검  ‖  ⚠️ 기타 (Alarm 12건) — 상세 원인 확인 후 제조사 기술지원 요청  ‖  📡 통신 장애 (Trip 2건) — ECS 장비 간 통신 두절. 1분 지속 시 Shutdown. RTU/AIM 모듈 케이블 및 커넥터 점검  ‖  ⚡ ECU/전원 이상 (Trip 2건 / Alarm 2건) — ECU 내부 점검 — 전류 과부하(>PRU×1125A), 고압(>4.5bar), 고온(>45°C), VLS 에러 가능성. PRU 상태 및 전극 확인  ‖  🧪 중화제 이상 (Alarm 11건) — 중화제(NaCl) 초기 충전 필요. 레벨 센서 영점 교정 및 탱크 상태 확인  ‖  🚨 안전 경고 (Alarm 4건) — IMO 규정 위반 가능성. 즉시 운전 중지 후 밸브 라인업 및 TRO 센서 확인  ‖  ⚠️ 반복 알람: CODE731(69회), CODE200(12회), CODE220(11회), CODE302(7회) — 근본 원인 분석(RCA) 필요  ‖  [운전 이상] [볼륨 미기록 의심] 60건, [중복기록 의심] 67건.  ‖  [운항 해역] 태평양.  ‖  [VRCS] 밸브 제어 시스템 알람 256건 — BWTS 판정과 별개로 별도 조치 필요.  ‖  [종합] Trip 16건 발생. 즉각적인 장비 점검 및 원인 분석이 필요합니다. 알람 다발 — 정비 이력 확인 권장."
KMTC TIANJIN,2026-02,ACTION,,,,,30,0,0,ACTION,"[운전 현황] 주입 0회 / 배출 0회. 주입 TRO 미수신. 배출 TRO 최댓값 미수신.  ‖  ⚠️ 기타 (Trip 1건 / Alarm 1건) — 상세 원인 확인 후 제조사 기술지원 요청  ‖  📡 통신 장애 (Trip 2건) — 해당 센서 배선 및 커넥터 점검. 센서 모듈 교체 필요 여부 확인  ‖  🔧 밸브 이상 (Alarm 1건) — 밸브 반복 개폐 감지. 공압 라인 누기, 리미트 스위치, 솔레노이드 밸브 즉각 점검  ‖  ⚠️ 반복 알람: CODE701(26회), CODE703(9회), CODE773(7회) — 근본 원인 분석(RCA) 필요  ‖  [종합] Trip 3건 발생. 즉각적인 장비 점검 및 원인 분석이 필요합니다. "
KMTC SINGAPORE,2026-03,ACTION,,,5.46,1945.54,37,0,0,ACTION,"[운전 현황] 주입 6회 / 배출 8회. 주입 TRO 미수신. 배출 TRO 최댓값 미수신. 총 처리량: 주입 960m³/3.19h, 배출 2110m³/6.99h.  ‖  [ECU] 전류 1945.54A / 유량 300m³/h / ANU Operating.  ‖  🚨 안전 경고 (Alarm 2건) — IMO 규정 위반 가능성. 즉시 운전 중지 후 밸브 라인업 및 TRO 센서 확인  ‖  🔬 TRO 이상 (Trip 1건) — Ballast >10mg/L 또는 Deballast >0.1mg/L(IMO)/>0.07mg/L(USCG). STS 주입 펌프 및 ANU 탱크 레벨 확인  ‖  🔧 밸브 이상 (Alarm 22건) — 밸브 공압 실린더, 리미트 스위치, 솔레노이드 밸브 점검  ‖  ⚡ ECU/전원 이상 (Trip 1건) — ECU 내부 점검 — 전류 과부하(>PRU×1125A), 고압(>4.5bar), 고온(>45°C), VLS 에러 가능성. PRU 상태 및 전극 확인  ‖  ⚠️ 반복 알람: CODE721(17회), CODE727(5회) — 근본 원인 분석(RCA) 필요  ‖  [운항 해역] 동아시아, 동남아시아.  ‖  [종합] Trip 2건 발생. 즉각적인 장비 점검 및 원인 분석이 필요합니다. 알람 다발 — 정비 이력 확인 권장."
KMTC KEELUNG,2026-05,ACTION,,,3.71,1562.97,45,0,0,ACTION,"[운전 현황] 운용 9일(발라스팅 4일 / 디발라스팅 5일). 주입 26회 / 배출 23회. 주입 TRO 미수신. 배출 TRO 최댓값 미수신. 총 처리량: 주입 1470m³/5.68h, 배출 1676m³/6.6h.  ‖  [ECU] 전류 1567.54A / 유량 249.66m³/h / ANU Operating.  ‖  🔧 밸브 이상 (Alarm 24건) — 밸브 공압 실린더, 리미트 스위치, 솔레노이드 밸브 점검  ‖  ⚠️ 기타 (Alarm 6건) — 상세 원인 확인 후 제조사 기술지원 요청  ‖  📡 통신 장애 (Trip 3건) — ECS 장비 간 통신 두절. 1분 지속 시 Shutdown. RTU/AIM 모듈 케이블 및 커넥터 점검  ‖  🚨 안전 경고 (Alarm 1건) — IMO 규정 위반 가능성. 즉시 운전 중지 후 밸브 라인업 및 TRO 센서 확인  ‖  🧪 중화제 이상 (Alarm 6건) — 중화제(NaCl) 초기 충전 필요. 레벨 센서 영점 교정 및 탱크 상태 확인  ‖  🔬 TRO 이상 (Alarm 2건) — Ballast 중 TRO <5mg/L (3회 연속 시 발생). CLX 시약 유효기간 및 TSU Bypass Line 소통 상태 점검  ‖  ⚠️ 반복 알람: CODE721(19회), CODE773(6회), CODE774(5회), CODE301(5회) — 근본 원인 분석(RCA) 필요  ‖  [운항 해역] 동남아시아, 동아시아.  ‖  [VRCS] 밸브 제어 시스템 알람 598건 — BWTS 판정과 별개로 별도 조치 필요.  ‖  [종합] Trip 3건 발생. 주의 필요 — 알람 내역 및 TRO 수치를 모니터링하시기 바랍니다."
KMTC SINGAPORE,2026-05,ACTION,,,5.33,1918.38,38,0,0,ACTION,"[운전 현황] 운용 5일(발라스팅 4일 / 디발라스팅 3일). 주입 8회 / 배출 14회. 주입 TRO 미수신. 배출 TRO 최댓값 미수신. 총 처리량: 주입 988m³/3.31h, 배출 2140m³/7.25h.  ‖  [ECU] 전류 1918.38A / 유량 293.55m³/h / ANU Operating.  ‖  🔬 TRO 이상 (Alarm 6건) — Ballast >10mg/L 또는 Deballast >0.1mg/L(IMO)/>0.07mg/L(USCG). STS 주입 펌프 및 ANU 탱크 레벨 확인  ‖  🔧 밸브 이상 (Alarm 22건) — 밸브 공압 실린더, 리미트 스위치, 솔레노이드 밸브 점검  ‖  🚨 안전 경고 (Alarm 6건) — >25%LEL Alarm, >50%LEL Fault(Shutdown). 전해조 가스 누출 점검. 환기 팬 작동 확인  ‖  🧪 중화제 이상 (Alarm 1건) — 중화제 보충 필요. 레벨 센서 및 공급 라인 밸브 점검  ‖  ⚠️ 반복 알람: CODE721(16회), CODE201(6회), CODE774(6회) — 근본 원인 분석(RCA) 필요  ‖  [운항 해역] 동아시아, 동남아시아.  ‖  [VRCS] 밸브 제어 시스템 알람 316건 — BWTS 판정과 별개로 별도 조치 필요.  ‖  [종합] 주의 필요 — 알람 내역 및 TRO 수치를 모니터링하시기 바랍니다."
KMTC SHANGHAI,2026-05,ACTION,,,3.45,1838.52,50,0,0,ACTION,"[운전 현황] 운용 9일(발라스팅 5일 / 디발라스팅 6일). 주입 11회 / 배출 15회. 주입 TRO 미수신. 배출 TRO 최댓값 미수신. 총 처리량: 주입 1396m³/4.89h, 배출 1201m³/5.18h.  ‖  [ECU] 전류 1838.52A / 유량 268.58m³/h / ANU Operating.  ‖  🔧 밸브 이상 (Alarm 40건) — 냉각수 공급 밸브(F.W Inlet) 리미트 스위치 및 공압 점검. 에어 벤트 확인  ‖  🚨 안전 경고 (Alarm 9건) — IMO 규정 위반 가능성. 즉시 운전 중지 후 밸브 라인업 및 TRO 센서 확인  ‖  🔬 TRO 이상 (Alarm 6건) — Ballast >10mg/L 또는 Deballast >0.1mg/L(IMO)/>0.07mg/L(USCG). STS 주입 펌프 및 ANU 탱크 레벨 확인  ‖  ⚠️ 기타 (Alarm 9건) — 상세 원인 확인 후 제조사 기술지원 요청  ‖  💧 유량 이상 (Trip 4건) — 유량 <15% (3분 지속 Alarm, 5분 Fault). 해수 펌프, 스트레이너 막힘, 흡입 밸브 점검  ‖  🧪 중화제 이상 (Alarm 7건) — 중화제(NaCl) 초기 충전 필요. 레벨 센서 영점 교정 및 탱크 상태 확인  ‖  ⚠️ 반복 알람: CODE774(17회), CODE721(12회), CODE731(11회), CODE727(9회), CODE301(6회), CODE773(5회) — 근본 원인 분석(RCA) 필요  ‖  [운항 해역] 동아시아, 동남아시아.  ‖  [VRCS] 밸브 제어 시스템 알람 3201건 — BWTS 판정과 별개로 별도 조치 필요.  ‖  [종합] Trip 4건 발생. 즉각적인 장비 점검 및 원인 분석이 필요합니다. 알람 다발 — 정비 이력 확인 권장."
KMTC TIANJIN,2026-05,ACTION,,,5.2,2694.43,48,0,0,ACTION,"[운전 현황] 운용 3일(발라스팅 2일 / 디발라스팅 2일). 주입 5회 / 배출 4회. 주입 TRO 미수신. 배출 TRO 최댓값 미수신. 총 처리량: 주입 2285m³/3.2h, 배출 437m³/0.69h.  ‖  [ECU] 전류 2708.32A / 유량 687.81m³/h / ANU Standby.  ‖  🔧 밸브 이상 (Alarm 25건) — 냉각수 공급 밸브(F.W Inlet) 리미트 스위치 및 공압 점검. 에어 벤트 확인  ‖  🔬 TRO 이상 (Trip 4건 / Alarm 1건) — Ballast 중 TRO <5mg/L (3회 연속 시 발생). CLX 시약 유효기간 및 TSU Bypass Line 소통 상태 점검  ‖  ⚠️ 기타 (Trip 2건 / Alarm 12건) — 상세 원인 확인 후 제조사 기술지원 요청  ‖  🚨 안전 경고 (Alarm 1건) — IMO 규정 위반 가능성. 즉시 운전 중지 후 밸브 라인업 및 TRO 센서 확인  ‖  📡 통신 장애 (Trip 16건) — 해당 센서 배선 및 커넥터 점검. 센서 모듈 교체 필요 여부 확인  ‖  ⚠️ 반복 알람: CODE774(10회), CODE721(10회), CODE701(10회), CODE773(7회), CODE703(6회), CODE731(5회) — 근본 원인 분석(RCA) 필요  ‖  [운전 이상] [볼륨 미기록 의심] 1건.  ‖  [운항 해역] 동남아시아, 동아시아.  ‖  [VRCS] 밸브 제어 시스템 알람 86건 — BWTS 판정과 별개로 별도 조치 필요.  ‖  [종합] Trip 22건 발생. 즉각적인 장비 점검 및 원인 분석이 필요합니다. 알람 다발 — 정비 이력 확인 권장."
KMTC HOCHIMINH,2026-01,WATCH,,,3.7,2535.83,10,0,0,WATCH,"[운전 현황] 주입 58회 / 배출 58회. 주입 TRO 미수신. 배출 TRO 최댓값 미수신. 총 처리량: 주입 7404m³/11.28h, 배출 7123m³/12.45h.  ‖  [ECU] 전류 2535.83A / 유량 611m³/h / ANU Operating.  ‖  🔬 TRO 이상 (Trip 1건 / Alarm 1건) — Ballast 중 TRO <5mg/L (3회 연속 시 발생). CLX 시약 유효기간 및 TSU Bypass Line 소통 상태 점검  ‖  🚨 안전 경고 (Alarm 1건) — IMO 규정 위반 가능성. 즉시 운전 중지 후 밸브 라인업 및 TRO 센서 확인  ‖  💧 유량 이상 (Alarm 1건) — 유량 <15% (3분 지속 Alarm, 5분 Fault). 해수 펌프, 스트레이너 막힘, 흡입 밸브 점검  ‖  🧪 중화제 이상 (Alarm 3건) — 중화제(NaCl) 초기 충전 필요. 레벨 센서 영점 교정 및 탱크 상태 확인  ‖  🔧 밸브 이상 (Alarm 6건) — 밸브 반복 개폐 감지. 공압 라인 누기, 리미트 스위치, 솔레노이드 밸브 즉각 점검  ‖  ⚠️ 반복 알람: CODE201(31회), CODE200(19회) — 근본 원인 분석(RCA) 필요  ‖  [운전 이상] [볼륨 미기록 의심] 2건.  ‖  [운항 해역] 동남아시아, 동아시아.  ‖  [종합] Trip 1건 발생. 즉각적인 장비 점검 및 원인 분석이 필요합니다. 알람 다발 — 정비 이력 확인 권장."
KMTC NHAVA SHEVA,2026-01,WATCH,6.42,1.12,3.8,2892.18,17,0,7,WATCH,"[운전 현황] 주입 29회 / 배출 12회. 주입 TRO 최솟값 0.15ppm / 평균 6.42ppm(5~10ppm 미달). 배출 TRO 최댓값 1.12ppm(IMO 기준 초과). 총 처리량: 주입 3656m³/8.49h, 배출 1867m³/4.15h.  ‖  [ECU] 전류 2908.05A / 유량 438.05m³/h / ANU Standby.  ‖  [TRO 경고] 배출 TRO 1.12ppm — IMO 기준(0.1ppm) 대폭 초과. TRO 센서 교차오염, Ballast/Deballast 컬럼 혼동, 또는 중화 불량 가능성. Data Log 원본 확인 권장.  ‖  🔧 밸브 이상 (Alarm 21건) — 밸브 공압 실린더, 리미트 스위치, 솔레노이드 밸브 점검  ‖  ⚡ ECU/전원 이상 (Trip 4건) — 전자접촉기(MC) 고장. 전원 공급 상태, MC 코일/접점, MCCB 트립 여부 점검  ‖  📡 통신 장애 (Trip 1건) — ECS 장비 간 통신 두절. 1분 지속 시 Shutdown. RTU/AIM 모듈 케이블 및 커넥터 점검  ‖  🧪 중화제 이상 (Alarm 3건) — 중화제 보충 필요. 레벨 센서 및 공급 라인 밸브 점검  ‖  ⚠️ 기타 (Alarm 2건) — 상세 원인 확인 후 제조사 기술지원 요청  ‖  🔬 TRO 이상 (Alarm 1건) — Ballast >10mg/L 또는 Deballast >0.1mg/L(IMO)/>0.07mg/L(USCG). STS 주입 펌프 및 ANU 탱크 레벨 확인  ‖  💧 유량 이상 (Trip 1건) — 유량 <15% (3분 지속 Alarm, 5분 Fault). 해수 펌프, 스트레이너 막힘, 흡입 밸브 점검  ‖  ⚠️ 반복 알람: CODE701(32회), CODE402(16회), CODE100(11회), CODE773(10회), CODE721(5회), CODE604(5회) — 근본 원인 분석(RCA) 필요  ‖  [운전 이상] [종료시간 누락] 1건, [볼륨 미기록 의심] 1건.  ‖  [운항 해역] 동남아시아, 동아시아.  ‖  [종합] Trip 6건 발생, 주입 TRO 미달, 배출 TRO 기준 초과, 배출 TRO 이상값 확인 필요. 즉각적인 장비 점검 및 원인 분석이 필요합니다. 알람 다발 — 정비 이력 확인 권장."
KMTC NHAVA SHEVA,2026-02,WATCH,5.79,0.06,3.75,2869.47,18,0,6,WATCH,"[운전 현황] 주입 12회 / 배출 11회. 주입 TRO 최솟값 0.77ppm / 평균 5.79ppm(5~10ppm 미달). 배출 TRO 최댓값 0.06ppm(IMO 기준 충족). 총 처리량: 주입 835m³/1.92h, 배출 1774m³/3.43h.  ‖  [ECU] 전류 2892.07A / 유량 441.47m³/h / ANU Operating.  ‖  🔧 밸브 이상 (Alarm 20건) — 밸브 공압 실린더, 리미트 스위치, 솔레노이드 밸브 점검  ‖  💧 유량 이상 (Trip 1건) — 유량 <15% (3분 지속 Alarm, 5분 Fault). 해수 펌프, 스트레이너 막힘, 흡입 밸브 점검  ‖  📡 통신 장애 (Trip 1건) — ECS 장비 간 통신 두절. 1분 지속 시 Shutdown. RTU/AIM 모듈 케이블 및 커넥터 점검  ‖  ⚡ ECU/전원 이상 (Trip 4건) — 전자접촉기(MC) 고장. 전원 공급 상태, MC 코일/접점, MCCB 트립 여부 점검  ‖  🔬 TRO 이상 (Trip 1건) — Ballast 중 TRO <5mg/L (3회 연속 시 발생). CLX 시약 유효기간 및 TSU Bypass Line 소통 상태 점검  ‖  🧪 중화제 이상 (Alarm 3건) — 중화제 보충 필요. 레벨 센서 및 공급 라인 밸브 점검  ‖  ⚠️ 반복 알람: CODE701(243회), CODE100(10회), CODE604(9회), CODE402(8회), CODE721(6회), CODE200(5회) — 근본 원인 분석(RCA) 필요  ‖  [운전 이상] [종료시간 누락] 2건.  ‖  [운항 해역] 인도양/중동, 기타, 동남아시아, 동아시아.  ‖  [종합] Trip 7건 발생, 주입 TRO 미달. 즉각적인 장비 점검 및 원인 분석이 필요합니다. 알람 다발 — 정비 이력 확인 권장."
KMTC TIANJIN,2026-03,WATCH,,,4.59,1862.03,24,0,0,WATCH,"[운전 현황] 주입 2회 / 배출 8회. 주입 TRO 미수신. 배출 TRO 최댓값 미수신. 총 처리량: 주입 531m³/1.11h, 배출 533m³/0.98h.  ‖  [ECU] 전류 1862.03A / 유량 504.9m³/h / ANU Operating.  ‖  ⚠️ 기타 (Alarm 2건) — 상세 원인 확인 후 제조사 기술지원 요청  ‖  🔬 TRO 이상 (Trip 1건 / Alarm 1건) — Ballast >10mg/L 또는 Deballast >0.1mg/L(IMO)/>0.07mg/L(USCG). STS 주입 펌프 및 ANU 탱크 레벨 확인  ‖  🔧 밸브 이상 (Alarm 6건) — 밸브 작동 중 ECS 비정상 종료. 밸브 현재 위치 확인 후 수동 리셋  ‖  🚨 안전 경고 (Alarm 1건) — IMO 규정 위반 가능성. 즉시 운전 중지 후 밸브 라인업 및 TRO 센서 확인  ‖  📡 통신 장애 (Trip 2건) — 해당 센서 배선 및 커넥터 점검. 센서 모듈 교체 필요 여부 확인  ‖  ⚠️ 반복 알람: CODE701(27회), CODE703(12회), CODE773(10회), CODE721(8회), CODE201(5회) — 근본 원인 분석(RCA) 필요  ‖  [운항 해역] 동남아시아.  ‖  [종합] Trip 3건 발생. 즉각적인 장비 점검 및 원인 분석이 필요합니다. 알람 다발 — 정비 이력 확인 권장."
KMTC NHAVA SHEVA,2026-03,WATCH,6.19,4.3,4,3495.28,16,0,0,WATCH,"[운전 현황] 주입 15회 / 배출 10회. 주입 TRO 최솟값 0.26ppm / 평균 6.19ppm(5~10ppm 미달). 배출 TRO 최댓값 4.3ppm(IMO 기준 초과). 총 처리량: 주입 2119m³/5.13h, 배출 1296m³/2.16h.  ‖  [ECU] 전류 3495.28A / 유량 463.73m³/h / ANU Operating.  ‖  [TRO 경고] 배출 TRO 4.3ppm — IMO 기준(0.1ppm) 대폭 초과. TRO 센서 교차오염, Ballast/Deballast 컬럼 혼동, 또는 중화 불량 가능성. Data Log 원본 확인 권장.  ‖  🔬 TRO 이상 (Alarm 2건) — Ballast 중 TRO <5mg/L (3회 연속 시 발생). CLX 시약 유효기간 및 TSU Bypass Line 소통 상태 점검  ‖  📡 통신 장애 (Trip 1건) — ECS 장비 간 통신 두절. 1분 지속 시 Shutdown. RTU/AIM 모듈 케이블 및 커넥터 점검  ‖  ⚡ ECU/전원 이상 (Trip 1건) — 전자접촉기(MC) 고장. 전원 공급 상태, MC 코일/접점, MCCB 트립 여부 점검  ‖  💧 유량 이상 (Trip 1건) — 유량 <15% (3분 지속 Alarm, 5분 Fault). 해수 펌프, 스트레이너 막힘, 흡입 밸브 점검  ‖  🔧 밸브 이상 (Alarm 23건) — 밸브 공압 실린더, 리미트 스위치, 솔레노이드 밸브 점검  ‖  ⚠️ 반복 알람: CODE201(8회), CODE200(7회), CODE721(7회), CODE604(6회) — 근본 원인 분석(RCA) 필요  ‖  [운전 이상] [종료시간 누락] 3건, [중복기록 의심] 2건.  ‖  [운항 해역] 동남아시아, 인도양/중동.  ‖  [종합] Trip 3건 발생, 주입 TRO 미달, 배출 TRO 기준 초과, 배출 TRO 이상값 확인 필요. 즉각적인 장비 점검 및 원인 분석이 필요합니다. 알람 다발 — 정비 이력 확인 권장."
KMTC MANILA,2026-05,WATCH,5.76,2.65,3,2604.36,12,0,0,WATCH,"[운전 현황] 운용 9일(발라스팅 4일 / 디발라스팅 5일). 주입 14회 / 배출 27회. 주입 TRO 최솟값 2.37ppm / 평균 5.76ppm(5~10ppm 미달). 배출 TRO 최댓값 2.65ppm(IMO 기준 초과). 총 처리량: 주입 2913m³/11.72h, 배출 3385m³/8.56h.  ‖  [ECU] 전류 2604.36A / 유량 312.1m³/h / ANU Operating.  ‖  [TRO 경고] 배출 TRO 2.65ppm — IMO 기준(0.1ppm) 대폭 초과. TRO 센서 교차오염, Ballast/Deballast 컬럼 혼동, 또는 중화 불량 가능성. Data Log 원본 확인 권장.  ‖  🔧 밸브 이상 (Alarm 29건) — 밸브 작동 중 ECS 비정상 종료. 밸브 현재 위치 확인 후 수동 리셋  ‖  🚨 안전 경고 (Alarm 4건) — IMO 규정 위반 가능성. 즉시 운전 중지 후 밸브 라인업 및 TRO 센서 확인  ‖  🔬 TRO 이상 (Trip 18건) — Ballast 중 TRO <5mg/L (3회 연속 시 발생). CLX 시약 유효기간 및 TSU Bypass Line 소통 상태 점검  ‖  🧪 중화제 이상 (Alarm 4건) — 중화제 보충 필요. 레벨 센서 및 공급 라인 밸브 점검  ‖  ⚠️ 반복 알람: CODE721(16회), CODE731(13회), CODE200(13회), CODE201(5회) — 근본 원인 분석(RCA) 필요  ‖  [운전 이상] [볼륨 미기록 의심] 3건.  ‖  [운항 해역] 인도양/중동, 동남아시아, 동아시아.  ‖  [VRCS] 밸브 제어 시스템 알람 587건 — BWTS 판정과 별개로 별도 조치 필요.  ‖  [종합] Trip 18건 발생, 주입 TRO 미달, 배출 TRO 기준 초과, 배출 TRO 이상값 확인 필요. 즉각적인 장비 점검 및 원인 분석이 필요합니다. 알람 다발 — 정비 이력 확인 권장."
KMTC PUSAN,2026-05,WATCH,5.91,0.61,3.02,806.21,8,0,3,WATCH,"[운전 현황] 운용 6일(발라스팅 5일 / 디발라스팅 3일). 주입 27회 / 배출 13회. 주입 TRO 최솟값 0.13ppm / 평균 5.91ppm(5~10ppm 미달). 배출 TRO 최댓값 0.61ppm(IMO 기준 초과). 총 처리량: 주입 485m³/3.51h, 배출 655m³/3.22h.  ‖  [ECU] 전류 817.89A / 유량 174.66m³/h / ANU Operating. ⚠️ 평균 817.89A (저전류 — 처리 성능 저하 가능).  ‖  ⚡ ECU/전원 이상 (Trip 19건 / Alarm 17건) — ECU 내부 점검 — 전류 과부하(>PRU×1125A), 고압(>4.5bar), 고온(>45°C), VLS 에러 가능성. PRU 상태 및 전극 확인  ‖  🚨 안전 경고 (Alarm 9건) — IMO 규정 위반 가능성. 즉시 운전 중지 후 밸브 라인업 및 TRO 센서 확인  ‖  🔧 밸브 이상 (Alarm 24건) — 냉각수 공급 밸브(F.W Inlet) 리미트 스위치 및 공압 점검. 에어 벤트 확인  ‖  🔬 TRO 이상 (Trip 3건 / Alarm 2건) — Ballast 중 TRO <5mg/L (3회 연속 시 발생). CLX 시약 유효기간 및 TSU Bypass Line 소통 상태 점검  ‖  💧 유량 이상 (Alarm 1건) — 유량 <15% (3분 지속 Alarm, 5분 Fault). 해수 펌프, 스트레이너 막힘, 흡입 밸브 점검  ‖  🧪 중화제 이상 (Alarm 2건) — 중화제 보충 필요. 레벨 센서 및 공급 라인 밸브 점검  ‖  ⚠️ 반복 알람: CODE100(36회), CODE721(13회), CODE727(9회), CODE774(6회), CODE731(5회) — 근본 원인 분석(RCA) 필요  ‖  [운항 해역] 동남아시아, 동아시아.  ‖  [VRCS] 밸브 제어 시스템 알람 324건 — BWTS 판정과 별개로 별도 조치 필요.  ‖  [종합] Trip 22건 발생, 주입 TRO 미달, 배출 TRO 기준 초과. 즉각적인 장비 점검 및 원인 분석이 필요합니다. 알람 다발 — 정비 이력 확인 권장."
KMTC JAKARTA,2026-02,WATCH,5.85,,5.13,1634.42,14,0,0,WATCH,"[운전 현황] 주입 18회 / 배출 0회. 주입 TRO 최솟값 0.15ppm / 평균 5.85ppm(5~10ppm 미달). 배출 TRO 최댓값 미수신. 총 처리량: 주입 1500m³/5.77h.  ‖  [ECU] 전류 1634.42A / 유량 261.94m³/h / ANU Standby.  ‖  🚨 안전 경고 (Alarm 1건) — IMO 규정 위반 가능성. 즉시 운전 중지 후 밸브 라인업 및 TRO 센서 확인  ‖  🔧 밸브 이상 (Alarm 22건) — 냉각수 공급 밸브(F.W Inlet) 리미트 스위치 및 공압 점검. 에어 벤트 확인  ‖  🔬 TRO 이상 (Trip 1건) — Ballast 중 TRO <5mg/L (3회 연속 시 발생). CLX 시약 유효기간 및 TSU Bypass Line 소통 상태 점검  ‖  ⚠️ 반복 알람: CODE721(31회), CODE727(7회), CODE774(7회), CODE731(7회) — 근본 원인 분석(RCA) 필요  ‖  [운항 해역] 동아시아.  ‖  [종합] Trip 1건 발생, 주입 TRO 미달. 즉각적인 장비 점검 및 원인 분석이 필요합니다. 알람 다발 — 정비 이력 확인 권장."
KMTC JEBEL ALI,2026-03,WATCH,3.75,0.19,3.58,1786.85,10,0,0,WATCH,"[운전 현황] 주입 10회 / 배출 7회. 주입 TRO 최솟값 0.56ppm / 평균 3.75ppm(5~10ppm 미달). 배출 TRO 최댓값 0.19ppm(IMO 기준 초과). 총 처리량: 주입 287m³/0.86h, 배출 614m³/1.35h.  ‖  [ECU] 전류 1786.85A / 유량 422.98m³/h / ANU Operating.  ‖  🔧 밸브 이상 (Alarm 17건) — 냉각수 공급 밸브(F.W Inlet) 리미트 스위치 및 공압 점검. 에어 벤트 확인  ‖  ⚡ ECU/전원 이상 (Alarm 2건) — ECU 내부 점검 — 전류 과부하(>PRU×1125A), 고압(>4.5bar), 고온(>45°C), VLS 에러 가능성. PRU 상태 및 전극 확인  ‖  🚨 안전 경고 (Alarm 1건) — IMO 규정 위반 가능성. 즉시 운전 중지 후 밸브 라인업 및 TRO 센서 확인  ‖  🔬 TRO 이상 (Alarm 1건) — Ballast 중 TRO <5mg/L (3회 연속 시 발생). CLX 시약 유효기간 및 TSU Bypass Line 소통 상태 점검  ‖  ⚠️ 반복 알람: CODE774(12회), CODE100(5회), CODE721(5회) — 근본 원인 분석(RCA) 필요  ‖  [운전 이상] [볼륨 미기록 의심] 1건.  ‖  [운항 해역] 인도양/중동, 동남아시아, 동아시아.  ‖  [종합] 주입 TRO 미달, 배출 TRO 기준 초과. 즉각적인 장비 점검 및 원인 분석이 필요합니다. 알람 다발 — 정비 이력 확인 권장."
KMTC MANILA,2026-02,WATCH,6.01,4.05,3,2778.9,12,0,0,WATCH,"[운전 현황] 주입 10회 / 배출 17회. 주입 TRO 최솟값 2.94ppm / 평균 6.01ppm(5~10ppm 미달). 배출 TRO 최댓값 4.05ppm(IMO 기준 초과). 총 처리량: 주입 1724m³/4.64h, 배출 3681m³/7.7h.  ‖  [ECU] 전류 2778.9A / 유량 436.6m³/h / ANU Operating.  ‖  [TRO 경고] 배출 TRO 4.05ppm — IMO 기준(0.1ppm) 대폭 초과. TRO 센서 교차오염, Ballast/Deballast 컬럼 혼동, 또는 중화 불량 가능성. Data Log 원본 확인 권장.  ‖  🔬 TRO 이상 (Trip 2건) — Ballast >10mg/L 또는 Deballast >0.1mg/L(IMO)/>0.07mg/L(USCG). STS 주입 펌프 및 ANU 탱크 레벨 확인  ‖  🔧 밸브 이상 (Alarm 15건) — 밸브 공압 실린더, 리미트 스위치, 솔레노이드 밸브 점검  ‖  💧 유량 이상 (Alarm 1건) — 유량 <15% (3분 지속 Alarm, 5분 Fault). 해수 펌프, 스트레이너 막힘, 흡입 밸브 점검  ‖  🚨 안전 경고 (Alarm 1건) — IMO 규정 위반 가능성. 즉시 운전 중지 후 밸브 라인업 및 TRO 센서 확인  ‖  ⚠️ 반복 알람: CODE731(10회), CODE201(9회) — 근본 원인 분석(RCA) 필요  ‖  [운전 이상] [종료시간 누락] 1건, [중복기록 의심] 1건.  ‖  [운항 해역] 동아시아, 동남아시아.  ‖  [종합] Trip 2건 발생, 주입 TRO 미달, 배출 TRO 기준 초과, 배출 TRO 이상값 확인 필요. 즉각적인 장비 점검 및 원인 분석이 필요합니다. 알람 다발 — 정비 이력 확인 권장."
KMTC MANILA,2026-04,WATCH,6.43,4.21,3,3303.7,10,0,0,WATCH,"[운전 현황] 운용 7일(발라스팅 3일 / 디발라스팅 5일). 주입 5회 / 배출 14회. 주입 TRO 최솟값 3.99ppm / 평균 6.43ppm(5~10ppm 미달). 배출 TRO 최댓값 4.21ppm(IMO 기준 초과). 총 처리량: 주입 917m³/2.09h, 배출 4080m³/9.17h.  ‖  [ECU] 전류 3303.7A / 유량 444.07m³/h / ANU Operating.  ‖  [TRO 경고] 배출 TRO 4.21ppm — IMO 기준(0.1ppm) 대폭 초과. TRO 센서 교차오염, Ballast/Deballast 컬럼 혼동, 또는 중화 불량 가능성. Data Log 원본 확인 권장.  ‖  🔧 밸브 이상 (Alarm 13건) — 밸브 작동 중 ECS 비정상 종료. 밸브 현재 위치 확인 후 수동 리셋  ‖  🔬 TRO 이상 (Trip 1건) — Ballast >10mg/L 또는 Deballast >0.1mg/L(IMO)/>0.07mg/L(USCG). STS 주입 펌프 및 ANU 탱크 레벨 확인  ‖  📡 통신 장애 (Trip 1건) — ECS 장비 간 통신 두절. 1분 지속 시 Shutdown. RTU/AIM 모듈 케이블 및 커넥터 점검  ‖  ⚠️ 기타 (Alarm 1건) — 상세 원인 확인 후 제조사 기술지원 요청  ‖  🚨 안전 경고 (Alarm 1건) — IMO 규정 위반 가능성. 즉시 운전 중지 후 밸브 라인업 및 TRO 센서 확인  ‖  ⚠️ 반복 알람: CODE731(9회), CODE201(7회) — 근본 원인 분석(RCA) 필요  ‖  [운항 해역] 동아시아, 인도양/중동.  ‖  [종합] Trip 2건 발생, 주입 TRO 미달, 배출 TRO 기준 초과, 배출 TRO 이상값 확인 필요. 즉각적인 장비 점검 및 원인 분석이 필요합니다. 알람 다발 — 정비 이력 확인 권장."
KMTC SHENZHEN,2026-01,WATCH,4.58,0.05,4,2096.03,7,0,554,WATCH,"[운전 현황] 주입 15회 / 배출 13회. 주입 TRO 최솟값 1.66ppm / 평균 4.58ppm(5~10ppm 미달). 배출 TRO 최댓값 0.05ppm(IMO 기준 충족). 총 처리량: 주입 1496.46m³/4.55h, 배출 2810.44m³/9.23h.  ‖  [ECU] 전류 2096.03A / 유량 312.35m³/h / ANU Operating.  ‖  🔬 TRO 이상 (Trip 1건) — Ballast 중 TRO <5mg/L (3회 연속 시 발생). CLX 시약 유효기간 및 TSU Bypass Line 소통 상태 점검  ‖  🔧 밸브 이상 (Alarm 5건) — 밸브 공압 실린더, 리미트 스위치, 솔레노이드 밸브 점검  ‖  🚨 안전 경고 (Trip 1건) — >25%LEL Alarm, >50%LEL Fault(Shutdown). 전해조 가스 누출 점검. 환기 팬 작동 확인  ‖  📡 통신 장애 (Trip 1건) — ECS 장비 간 통신 두절. 1분 지속 시 Shutdown. RTU/AIM 모듈 케이블 및 커넥터 점검  ‖  ⚡ ECU/전원 이상 (Alarm 1건) — 자동 운전 불가 상태. RCM 셀렉트 스위치 변경 또는 원인 알람 확인 후 리셋  ‖  ⚠️ 반복 알람: CODE701(12회), CODE606(5회) — 근본 원인 분석(RCA) 필요  ‖  [운항 해역] 태평양, 동아시아.  ‖  [종합] Trip 3건 발생, 주입 TRO 미달. 즉각적인 장비 점검 및 원인 분석이 필요합니다. 알람 다발 — 정비 이력 확인 권장."
KMTC MUNDRA,2026-01,WATCH,6.73,4.38,4.57,2253.72,7,0,0,WATCH,"[운전 현황] 주입 8회 / 배출 8회. 주입 TRO 최솟값 0.14ppm / 평균 6.73ppm(5~10ppm 미달). 배출 TRO 최댓값 4.38ppm(IMO 기준 초과). 총 처리량: 주입 2467m³/2.71h, 배출 1196m³/1.35h.  ‖  [ECU] 전류 2253.72A / 유량 744.05m³/h / ANU Operating.  ‖  [TRO 경고] 배출 TRO 4.38ppm — IMO 기준(0.1ppm) 대폭 초과. TRO 센서 교차오염, Ballast/Deballast 컬럼 혼동, 또는 중화 불량 가능성. Data Log 원본 확인 권장.  ‖  ⚠️ 기타 (Alarm 3건) — 상세 원인 확인 후 제조사 기술지원 요청  ‖  🔧 밸브 이상 (Alarm 7건) — 밸브 작동 중 ECS 비정상 종료. 밸브 현재 위치 확인 후 수동 리셋  ‖  🧪 중화제 이상 (Alarm 2건) — 중화제 보충 필요. 레벨 센서 및 공급 라인 밸브 점검  ‖  🔬 TRO 이상 (Trip 2건) — Ballast 중 TRO <5mg/L (3회 연속 시 발생). CLX 시약 유효기간 및 TSU Bypass Line 소통 상태 점검  ‖  🚨 안전 경고 (Alarm 1건) — IMO 규정 위반 가능성. 즉시 운전 중지 후 밸브 라인업 및 TRO 센서 확인  ‖  ⚠️ 반복 알람: CODE201(10회), CODE200(6회) — 근본 원인 분석(RCA) 필요  ‖  [운전 이상] [중복기록 의심] 2건.  ‖  [운항 해역] 동아시아, 동남아시아.  ‖  [종합] Trip 2건 발생, 주입 TRO 미달, 배출 TRO 기준 초과, 배출 TRO 이상값 확인 필요. 즉각적인 장비 점검 및 원인 분석이 필요합니다. 알람 다발 — 정비 이력 확인 권장."
KMTC HOCHIMINH,2026-02,WATCH,,,3.74,2579.18,6,0,0,WATCH,"[운전 현황] 주입 22회 / 배출 36회. 주입 TRO 미수신. 배출 TRO 최댓값 미수신. 총 처리량: 주입 4551m³/6.55h, 배출 5069m³/8.21h.  ‖  [ECU] 전류 2585.76A / 유량 648.14m³/h / ANU Operating.  ‖  🔬 TRO 이상 (Trip 1건 / Alarm 1건) — Ballast >10mg/L 또는 Deballast >0.1mg/L(IMO)/>0.07mg/L(USCG). STS 주입 펌프 및 ANU 탱크 레벨 확인  ‖  💧 유량 이상 (Alarm 2건) — 유량 <15% (3분 지속 Alarm, 5분 Fault). 해수 펌프, 스트레이너 막힘, 흡입 밸브 점검  ‖  🚨 안전 경고 (Alarm 1건) — IMO 규정 위반 가능성. 즉시 운전 중지 후 밸브 라인업 및 TRO 센서 확인  ‖  ⚡ ECU/전원 이상 (Alarm 1건) — 자동 운전 불가 상태. RCM 셀렉트 스위치 변경 또는 원인 알람 확인 후 리셋  ‖  🔧 밸브 이상 (Alarm 7건) — 밸브 공압 실린더, 리미트 스위치, 솔레노이드 밸브 점검  ‖  ⚠️ 반복 알람: CODE201(13회), CODE721(7회) — 근본 원인 분석(RCA) 필요  ‖  [운전 이상] [볼륨 미기록 의심] 1건.  ‖  [운항 해역] 동남아시아, 동아시아.  ‖  [종합] Trip 1건 발생. 즉각적인 장비 점검 및 원인 분석이 필요합니다. 알람 다발 — 정비 이력 확인 권장."
KMTC QINGDAO,2026-03,WATCH,,,,,13,0,0,WATCH,"[운전 현황] 주입 15회 / 배출 7회. 주입 TRO 미수신. 배출 TRO 최댓값 미수신. 총 처리량: 주입 1888m³/3.23h, 배출 2562m³/5.61h.  ‖  🔧 밸브 이상 (Alarm 10건) — 밸브 작동 중 ECS 비정상 종료. 밸브 현재 위치 확인 후 수동 리셋  ‖  ⚠️ 기타 (Alarm 1건) — 상세 원인 확인 후 제조사 기술지원 요청  ‖  🧪 중화제 이상 (Alarm 2건) — 중화제(NaCl) 초기 충전 필요. 레벨 센서 영점 교정 및 탱크 상태 확인  ‖  🔬 TRO 이상 (Trip 1건) — Ballast 중 TRO <5mg/L (3회 연속 시 발생). CLX 시약 유효기간 및 TSU Bypass Line 소통 상태 점검  ‖  🚨 안전 경고 (Alarm 1건) — IMO 규정 위반 가능성. 즉시 운전 중지 후 밸브 라인업 및 TRO 센서 확인  ‖  ⚠️ 반복 알람: CODE731(9회), CODE721(8회) — 근본 원인 분석(RCA) 필요  ‖  [운전 이상] [볼륨 미기록 의심] 188건.  ‖  [운항 해역] 동남아시아, 동아시아.  ‖  [종합] Trip 1건 발생. 즉각적인 장비 점검 및 원인 분석이 필요합니다. 알람 다발 — 정비 이력 확인 권장."
KMTC HOCHIMINH,2026-04,WATCH,,,3.68,2732.82,10,0,0,WATCH,"[운전 현황] 운용 10일(발라스팅 9일 / 디발라스팅 7일). 주입 23회 / 배출 17회. 주입 TRO 미수신. 배출 TRO 최댓값 미수신. 총 처리량: 주입 7528m³/10.36h, 배출 4075m³/6.44h.  ‖  [ECU] 전류 2732.82A / 유량 686.06m³/h / ANU Operating.  ‖  🧪 중화제 이상 (Alarm 1건) — 중화제 보충 필요. 레벨 센서 및 공급 라인 밸브 점검  ‖  🔬 TRO 이상 (Alarm 1건) — Ballast 중 TRO <5mg/L (3회 연속 시 발생). CLX 시약 유효기간 및 TSU Bypass Line 소통 상태 점검  ‖  ⚠️ 기타 (Alarm 2건) — 상세 원인 확인 후 제조사 기술지원 요청  ‖  🚨 안전 경고 (Alarm 1건) — IMO 규정 위반 가능성. 즉시 운전 중지 후 밸브 라인업 및 TRO 센서 확인  ‖  💧 유량 이상 (Trip 1건) — 유량 >110% (저염분 Mixing 시 >80%). 3분 지속 Alarm, 5분 Fault. 유량 조절 밸브 및 FMU 센서 점검  ‖  🔧 밸브 이상 (Alarm 8건) — 밸브 공압 실린더, 리미트 스위치, 솔레노이드 밸브 점검  ‖  ⚠️ 반복 알람: CODE200(8회), CODE220(6회), CODE727(6회) — 근본 원인 분석(RCA) 필요  ‖  [운전 이상] [종료시간 누락] 1건.  ‖  [운항 해역] 동남아시아, 동아시아.  ‖  [종합] Trip 1건 발생. 주의 필요 — 알람 내역 및 TRO 수치를 모니터링하시기 바랍니다."
KMTC JEBEL ALI,2026-05,WATCH,5.18,5.15,3.75,2826.74,11,0,0,WATCH,"[운전 현황] 운용 7일(발라스팅 2일 / 디발라스팅 6일). 주입 15회 / 배출 22회. 주입 TRO 최솟값 0.1ppm / 평균 5.18ppm(5~10ppm 미달). 배출 TRO 최댓값 5.15ppm(IMO 기준 초과). 총 처리량: 주입 1368m³/3.65h, 배출 2985m³/9.23h.  ‖  [ECU] 전류 2826.74A / 유량 463.89m³/h / ANU Operating.  ‖  [TRO 경고] 배출 TRO 5.15ppm — IMO 기준(0.1ppm) 대폭 초과. TRO 센서 교차오염, Ballast/Deballast 컬럼 혼동, 또는 중화 불량 가능성. Data Log 원본 확인 권장.  ‖  📡 통신 장애 (Trip 6건) — 해당 센서 배선 및 커넥터 점검. 센서 모듈 교체 필요 여부 확인  ‖  ⚠️ 기타 (Alarm 4건) — 상세 원인 확인 후 제조사 기술지원 요청  ‖  🔧 밸브 이상 (Alarm 14건) — 냉각수 공급 밸브(F.W Inlet) 리미트 스위치 및 공압 점검. 에어 벤트 확인  ‖  🔬 TRO 이상 (Trip 12건) — Ballast 중 TRO <5mg/L (3회 연속 시 발생). CLX 시약 유효기간 및 TSU Bypass Line 소통 상태 점검  ‖  🚨 안전 경고 (Alarm 5건) — IMO 규정 위반 가능성. 즉시 운전 중지 후 밸브 라인업 및 TRO 센서 확인  ‖  ⚡ ECU/전원 이상 (Alarm 1건) — 자동 운전 불가 상태. RCM 셀렉트 스위치 변경 또는 원인 알람 확인 후 리셋  ‖  🧪 중화제 이상 (Alarm 10건) — 중화제 보충 필요. 레벨 센서 및 공급 라인 밸브 점검  ‖  ⚠️ 반복 알람: CODE200(8회), CODE301(8회), CODE731(6회), CODE701(5회), CODE727(5회), CODE721(5회) — 근본 원인 분석(RCA) 필요  ‖  [운전 이상] [볼륨 미기록 의심] 10건, [중복기록 의심] 1건.  ‖  [운항 해역] 동아시아, 동남아시아, 인도양/중동.  ‖  [VRCS] 밸브 제어 시스템 알람 611건 — BWTS 판정과 별개로 별도 조치 필요.  ‖  [종합] Trip 18건 발생, 주입 TRO 미달, 배출 TRO 기준 초과, 배출 TRO 이상값 확인 필요. 즉각적인 장비 점검 및 원인 분석이 필요합니다. 알람 다발 — 정비 이력 확인 권장."
KMTC JAKARTA,2026-05,WATCH,4.82,1.41,4.92,1747.42,9,0,0,WATCH,"[운전 현황] 운용 2일(발라스팅 1일 / 디발라스팅 1일). 주입 3회 / 배출 4회. 주입 TRO 최솟값 3ppm / 평균 4.82ppm(5~10ppm 미달). 배출 TRO 최댓값 1.41ppm(IMO 기준 초과). 총 처리량: 주입 143m³/0.63h, 배출 222m³/1.25h.  ‖  [ECU] 전류 1747.42A / 유량 202.97m³/h / ANU Operating.  ‖  [TRO 경고] 배출 TRO 1.41ppm — IMO 기준(0.1ppm) 대폭 초과. TRO 센서 교차오염, Ballast/Deballast 컬럼 혼동, 또는 중화 불량 가능성. Data Log 원본 확인 권장.  ‖  🚨 안전 경고 (Alarm 4건) — IMO 규정 위반 가능성. 즉시 운전 중지 후 밸브 라인업 및 TRO 센서 확인  ‖  ⚡ ECU/전원 이상 (Alarm 1건) — 자동 운전 불가 상태. RCM 셀렉트 스위치 변경 또는 원인 알람 확인 후 리셋  ‖  🔧 밸브 이상 (Alarm 30건) — 밸브 공압 실린더, 리미트 스위치, 솔레노이드 밸브 점검  ‖  🔬 TRO 이상 (Alarm 1건) — Ballast 중 TRO <5mg/L (3회 연속 시 발생). CLX 시약 유효기간 및 TSU Bypass Line 소통 상태 점검  ‖  ⚠️ 반복 알람: CODE721(26회) — 근본 원인 분석(RCA) 필요  ‖  [운항 해역] 동아시아, 동남아시아.  ‖  [VRCS] 밸브 제어 시스템 알람 1406건 — BWTS 판정과 별개로 별도 조치 필요.  ‖  [종합] 주입 TRO 미달, 배출 TRO 기준 초과, 배출 TRO 이상값 확인 필요. 주의 필요 — 알람 내역 및 TRO 수치를 모니터링하시기 바랍니다."
KMTC TIANJIN,2026-01,WATCH,,,,,14,0,0,WATCH,"[운전 현황] 주입 0회 / 배출 0회. 주입 TRO 미수신. 배출 TRO 최댓값 미수신.  ‖  ⚠️ 기타 (Trip 1건 / Alarm 1건) — 상세 원인 확인 후 제조사 기술지원 요청  ‖  📡 통신 장애 (Trip 2건) — ECS 장비 간 통신 두절. 1분 지속 시 Shutdown. RTU/AIM 모듈 케이블 및 커넥터 점검  ‖  ⚠️ 반복 알람: CODE701(8회) — 근본 원인 분석(RCA) 필요  ‖  [종합] Trip 3건 발생. 즉각적인 장비 점검 및 원인 분석이 필요합니다. "
KMTC JAKARTA,2026-01,WATCH,6.05,0,6,1646.67,11,0,0,WATCH,"[운전 현황] 주입 1회 / 배출 4회. 주입 TRO 최솟값 6.05ppm / 평균 6.05ppm(5~10ppm 충족). 배출 TRO 최댓값 0ppm(IMO 기준 충족). 총 처리량: 주입 27m³/0.1h, 배출 25m³/0.12h.  ‖  [ECU] 전류 1646.67A / 유량 251.69m³/h / ANU Operating — 전류·유량·TRO 정상 상관관계 확인.  ‖  🔧 밸브 이상 (Alarm 20건) — 밸브 공압 실린더, 리미트 스위치, 솔레노이드 밸브 점검  ‖  🚨 안전 경고 (Alarm 1건) — IMO 규정 위반 가능성. 즉시 운전 중지 후 밸브 라인업 및 TRO 센서 확인  ‖  ⚠️ 반복 알람: CODE721(31회), CODE727(5회) — 근본 원인 분석(RCA) 필요  ‖  [운항 해역] 동남아시아.  ‖  [종합] . 즉각적인 장비 점검 및 원인 분석이 필요합니다. 알람 다발 — 정비 이력 확인 권장."
KMTC SHENZHEN,2026-02,WATCH,3.31,0.74,3.97,2174.69,3,0,145,WATCH,"[운전 현황] 주입 21회 / 배출 6회. 주입 TRO 최솟값 0.14ppm / 평균 3.31ppm(5~10ppm 미달). 배출 TRO 최댓값 0.74ppm(IMO 기준 초과). 총 처리량: 주입 2332.16m³/6.91h, 배출 822.39m³/2.44h.  ‖  [ECU] 전류 2174.69A / 유량 338.12m³/h / ANU Standby.  ‖  ⚡ ECU/전원 이상 (Alarm 1건) — 자동 운전 불가 상태. RCM 셀렉트 스위치 변경 또는 원인 알람 확인 후 리셋  ‖  ⚠️ 기타 (Trip 1건) — 상세 원인 확인 후 제조사 기술지원 요청  ‖  🔧 밸브 이상 (Alarm 3건) — 밸브 반복 개폐 감지. 공압 라인 누기, 리미트 스위치, 솔레노이드 밸브 즉각 점검  ‖  ⚠️ 반복 알람: CODE706(5회) — 근본 원인 분석(RCA) 필요  ‖  [운항 해역] 태평양.  ‖  [종합] Trip 1건 발생, 주입 TRO 미달, 배출 TRO 기준 초과. 즉각적인 장비 점검 및 원인 분석이 필요합니다. "
KMTC COLOMBO,2026-02,WATCH,6.67,0.96,,,5,0,0,WATCH,"[운전 현황] 주입 6회 / 배출 19회. 주입 TRO 최솟값 1.08ppm / 평균 6.67ppm(5~10ppm 미달). 배출 TRO 최댓값 0.96ppm(IMO 기준 초과). 총 처리량: 주입 5533.01m³/9.84h, 배출 7534.36m³/14.47h.  ‖  [ECU] 유량 533.44m³/h / ANU Operating.  ‖  🔧 밸브 이상 (Alarm 7건) — 밸브 작동 중 ECS 비정상 종료. 밸브 현재 위치 확인 후 수동 리셋  ‖  🔬 TRO 이상 (Trip 1건) — Ballast >10mg/L 또는 Deballast >0.1mg/L(IMO)/>0.07mg/L(USCG). STS 주입 펌프 및 ANU 탱크 레벨 확인  ‖  🧪 중화제 이상 (Alarm 3건) — 중화제 보충 필요. 레벨 센서 및 공급 라인 밸브 점검  ‖  ⚠️ 기타 (Alarm 1건) — 상세 원인 확인 후 제조사 기술지원 요청  ‖  ⚡ ECU/전원 이상 (Alarm 1건) — 자동 운전 불가 상태. RCM 셀렉트 스위치 변경 또는 원인 알람 확인 후 리셋  ‖  ⚠️ 반복 알람: CODE731(6회), CODE201(6회) — 근본 원인 분석(RCA) 필요  ‖  [운전 이상] [중복기록 의심] 2건, [운전시간 오류] 1건.  ‖  [운항 해역] 동남아시아, 인도양/중동.  ‖  [종합] Trip 1건 발생, 주입 TRO 미달, 배출 TRO 기준 초과. 즉각적인 장비 점검 및 원인 분석이 필요합니다. 알람 다발 — 정비 이력 확인 권장."
KMTC JAKARTA,2026-03,WATCH,4.9,6.28,4.08,1454.82,0,1,0,WATCH,"[운전 현황] 주입 96회 / 배출 122회. 주입 TRO 최솟값 0.14ppm / 평균 4.9ppm(5~10ppm 미달). 배출 TRO 최댓값 6.28ppm(IMO 기준 초과). 총 처리량: 주입 7681m³/39.78h, 배출 9332m³/40.06h.  ‖  [ECU] 전류 1455.43A / 유량 217.56m³/h / ANU Operating.  ‖  [TRO 경고] 배출 TRO 6.28ppm — IMO 기준(0.1ppm) 대폭 초과. TRO 센서 교차오염, Ballast/Deballast 컬럼 혼동, 또는 중화 불량 가능성. Data Log 원본 확인 권장.  ‖  [알람없음] 이상 알람 없음.  ‖  [운전 이상] [중복기록 의심] 5건, [볼륨 미기록 의심] 4건.  ‖  [운항 해역] 동아시아.  ‖  [종합] 주입 TRO 미달, 배출 TRO 기준 초과, 배출 TRO 이상값 확인 필요. 주의 필요 — 알람 내역 및 TRO 수치를 모니터링하시기 바랍니다."
KMTC COLOMBO,2026-01,WATCH,6.04,6.17,,,7,0,0,WATCH,"[운전 현황] 주입 48회 / 배출 13회. 주입 TRO 최솟값 0.1ppm / 평균 6.04ppm(5~10ppm 미달). 배출 TRO 최댓값 6.17ppm(IMO 기준 초과). 총 처리량: 주입 11413.78m³/19.49h, 배출 10460.44m³/17.62h.  ‖  [ECU] 유량 581.79m³/h / ANU Standby.  ‖  [TRO 경고] 배출 TRO 6.17ppm — IMO 기준(0.1ppm) 대폭 초과. TRO 센서 교차오염, Ballast/Deballast 컬럼 혼동, 또는 중화 불량 가능성. Data Log 원본 확인 권장.  ‖  🔬 TRO 이상 (Trip 1건) — Ballast 중 TRO <5mg/L (3회 연속 시 발생). CLX 시약 유효기간 및 TSU Bypass Line 소통 상태 점검  ‖  ⚡ ECU/전원 이상 (Trip 1건) — ECU 내부 점검 — 전류 과부하(>PRU×1125A), 고압(>4.5bar), 고온(>45°C), VLS 에러 가능성. PRU 상태 및 전극 확인  ‖  🔧 밸브 이상 (Alarm 9건) — 밸브 작동 중 ECS 비정상 종료. 밸브 현재 위치 확인 후 수동 리셋  ‖  ⚠️ 반복 알람: CODE200(30회), CODE731(8회) — 근본 원인 분석(RCA) 필요  ‖  [운전 이상] [운전시간 오류] 1건.  ‖  [운항 해역] 인도양/중동, 동남아시아, 동아시아.  ‖  [종합] Trip 2건 발생, 주입 TRO 미달, 배출 TRO 기준 초과, 배출 TRO 이상값 확인 필요. 즉각적인 장비 점검 및 원인 분석이 필요합니다. 알람 다발 — 정비 이력 확인 권장."
KMTC PUSAN,2026-04,WATCH,,,-1,-1,3,0,0,WATCH,"[운전 현황] 운용 5일(발라스팅 4일 / 디발라스팅 3일). 주입 10회 / 배출 7회. 주입 TRO 미수신. 배출 TRO 최댓값 미수신. 총 처리량: 주입 735m³/4.68h, 배출 691m³/3.39h.  ‖  🔬 TRO 이상 (Trip 4건 / Alarm 0건) — CLX 시약 유효기간 및 TSU Bypass Line 점검 / STS 주입 펌프 점검.  ‖  ⚙️ 밸브 이상 (Trip 0건 / Alarm 21건) — 밸브 상태 확인 및 BWTS 재시작 / 밸브 상태 확인 및 수동 조작 / 냉각수 밸브 점검 및 개방 확인 / 미처리수 배출 경로 확인 및 밸브 점검.  ‖  ⚡ ECU 이상 (Trip 1건 / Alarm 0건) — ECU 압력 센서 점검 및 필터 청소.  ‖  🌊 유량 이상 (Trip 2건 / Alarm 0건) — 유량계 점검 및 펌프 압력 확인.  ‖  ❓ 기타 (Trip 0건 / Alarm 2건) — 탱크 수위 확인 및 보충 / 탱크 수위 확인 및 소듐 첨가.  ‖  ⚠️ 반복 알람: CODE774(7회), CODE721(6회), CODE731(6회) — 근본 원인 분석(RCA) 필요.  ‖  [운항 해역] 동아시아, 동남아시아.  ‖  [VRCS] 밸브 제어 시스템 알람 208건 — 별도 조치 필요.  ‖  [종합] Trip 7건 발생, 주입 TRO 미수신, 배출 TRO 미수신. 즉각적인 장비 점검 및 원인 분석이 필요합니다."
KMTC QINGDAO,2026-04,WATCH,,,6.06,2729.26,9,0,0,WATCH,"[운전 현황] 운용 0일(발라스팅 0일 / 디발라스팅 0일). 주입 0회 / 배출 0회. 주입 TRO 미수신. 배출 TRO 미수신. 총 처리량: 주입 6719.96m³/582.66h, 배출 0m³/0h.  ‖  [ECU] 전류 2753.78A / 유량 582.66m³/h / ANU Standby — 정상 상관관계. 바이패스 운전 355건, 전압 미인가 의심 3건, 전류 미공급 의심 3건 발생.  ‖  🔬 TRO 이상 (Trip 4건 / Alarm 0건) — CLX 시약 유효기간 및 TSU Bypass Line 점검 / STS 주입 펌프 점검.  ‖  🌊 유량 이상 (Trip 0건 / Alarm 3건) — 필터 역세척 주기 점검 / 유량계 점검.  ‖  🚰 밸브 이상 (Trip 0건 / Alarm 6건) — 밸브 작동 상태 및 센서 점검.  ‖  ⚙️ 기타 (Trip 0건 / Alarm 2건) — 약품 탱크 레벨 확인 및 보충.  ‖  ⚠️ 반복 알람: CODE200(4회), CODE731(3회), CODE604(2회), CODE721(2회) — 근본 원인 분석(RCA) 필요.  ‖  [운전 이상] 펌프 미작동 695건, 미처리수 배출 1건, ECS 시작/정지 불일치 감지. IMO 위반 가능성 경고.  ‖  [VRCS] 밸브 제어 시스템 알람 24건 — 별도 조치 필요.  ‖  [종합] Trip 4건 발생, 여러 알람 발생. 주의 필요 — 알람 내역 및 TRO 수치를 모니터링하시기 바랍니다."
KMTC ULSAN,2026-02,WATCH,3.09,0.06,4,1930,2,0,0,WATCH,"[운전 현황] 주입 1회 / 배출 3회. 주입 TRO 최솟값 0.62ppm / 평균 3.09ppm(5~10ppm 미달). 배출 TRO 최댓값 0.06ppm(IMO 기준 충족). 총 처리량: 주입 27m³/0.08h, 배출 52m³/1.24h.  ‖  [ECU] 전류 1930A / 유량 223.19m³/h / ANU Operating.  ‖  🔧 밸브 이상 (Alarm 4건) — 밸브 공압 실린더, 리미트 스위치, 솔레노이드 밸브 점검  ‖  🧪 중화제 이상 (Alarm 3건) — 중화제(NaCl) 초기 충전 필요. 레벨 센서 영점 교정 및 탱크 상태 확인  ‖  🔬 TRO 이상 (Alarm 1건) — Ballast >10mg/L 또는 Deballast >0.1mg/L(IMO)/>0.07mg/L(USCG). STS 주입 펌프 및 ANU 탱크 레벨 확인  ‖  ⚠️ 반복 알람: CODE303(10회), CODE721(6회) — 근본 원인 분석(RCA) 필요  ‖  [운전 이상] [볼륨 미기록 의심] 1건.  ‖  [운항 해역] 동아시아.  ‖  [종합] 주입 TRO 미달. 즉각적인 장비 점검 및 원인 분석이 필요합니다. 알람 다발 — 정비 이력 확인 권장."
KMTC ULSAN,2026-01,WATCH,6.97,0.08,4,1593.7,2,0,0,WATCH,"[운전 현황] 주입 3회 / 배출 2회. 주입 TRO 최솟값 6.68ppm / 평균 6.97ppm(5~10ppm 충족). 배출 TRO 최댓값 0.08ppm(IMO 기준 충족). 총 처리량: 주입 152m³/0.5h, 배출 229m³/1.13h.  ‖  [ECU] 전류 1593.7A / 유량 233.65m³/h / ANU Operating — 전류·유량·TRO 정상 상관관계 확인.  ‖  🧪 중화제 이상 (Alarm 5건) — 중화제 보충 필요. 레벨 센서 및 공급 라인 밸브 점검  ‖  ⚠️ 기타 (Alarm 2건) — 상세 원인 확인 후 제조사 기술지원 요청  ‖  📡 통신 장애 (Trip 1건) — 해당 센서 배선 및 커넥터 점검. 센서 모듈 교체 필요 여부 확인  ‖  🔧 밸브 이상 (Alarm 3건) — 냉각수 공급 밸브(F.W Inlet) 리미트 스위치 및 공압 점검. 에어 벤트 확인  ‖  ⚠️ 반복 알람: CODE303(15회), CODE301(8회), CODE302(5회), CODE773(5회) — 근본 원인 분석(RCA) 필요  ‖  [운항 해역] 동아시아, 동남아시아.  ‖  [종합] Trip 1건 발생. 즉각적인 장비 점검 및 원인 분석이 필요합니다. 알람 다발 — 정비 이력 확인 권장."
KMTC MANILA,2026-01,WATCH,6.4,2.42,2.99,2698.88,13,0,0,WATCH,"[운전 현황] 주입 7회 / 배출 13회. 주입 TRO 최솟값 1.8ppm / 평균 6.4ppm(5~10ppm 미달). 배출 TRO 최댓값 2.42ppm(IMO 기준 초과). 총 처리량: 주입 2255m³/5.12h, 배출 3479m³/8.46h.  ‖  [ECU] 전류 2698.88A / 유량 423.47m³/h / ANU Operating.  ‖  [TRO 경고] 배출 TRO 2.42ppm — IMO 기준(0.1ppm) 대폭 초과. TRO 센서 교차오염, Ballast/Deballast 컬럼 혼동, 또는 중화 불량 가능성. Data Log 원본 확인 권장.  ‖  🔬 TRO 이상 (Trip 1건) — Ballast >10mg/L 또는 Deballast >0.1mg/L(IMO)/>0.07mg/L(USCG). STS 주입 펌프 및 ANU 탱크 레벨 확인  ‖  🔧 밸브 이상 (Alarm 17건) — 밸브 작동 중 ECS 비정상 종료. 밸브 현재 위치 확인 후 수동 리셋  ‖  🚨 안전 경고 (Alarm 1건) — IMO 규정 위반 가능성. 즉시 운전 중지 후 밸브 라인업 및 TRO 센서 확인  ‖  ⚠️ 반복 알람: CODE731(11회), CODE721(5회) — 근본 원인 분석(RCA) 필요  ‖  [운항 해역] 동아시아, 태평양.  ‖  [종합] Trip 1건 발생, 주입 TRO 미달, 배출 TRO 기준 초과, 배출 TRO 이상값 확인 필요. 즉각적인 장비 점검 및 원인 분석이 필요합니다. 알람 다발 — 정비 이력 확인 권장."
KMTC JEBEL ALI,2026-01,WATCH,4.15,2.24,3.7,2607.66,0,0,0,WATCH,"[운전 현황] 주입 34회 / 배출 16회. 주입 TRO 최솟값 0.46ppm / 평균 4.15ppm(5~10ppm 미달). 배출 TRO 최댓값 2.24ppm(IMO 기준 초과). 총 처리량: 주입 4420m³/12.75h, 배출 4352m³/7.48h.  ‖  [ECU] 전류 2607.66A / 유량 435.05m³/h / ANU Standby.  ‖  [TRO 경고] 배출 TRO 2.24ppm — IMO 기준(0.1ppm) 대폭 초과. TRO 센서 교차오염, Ballast/Deballast 컬럼 혼동, 또는 중화 불량 가능성. Data Log 원본 확인 권장.  ‖  [알람없음] 이상 알람 없음.  ‖  [운전 이상] [중복기록 의심] 2건.  ‖  [운항 해역] 동남아시아, 인도양/중동.  ‖  [종합] 주입 TRO 미달, 배출 TRO 기준 초과, 배출 TRO 이상값 확인 필요. 주의 필요 — 알람 내역 및 TRO 수치를 모니터링하시기 바랍니다."
KMTC JEBEL ALI,2026-02,WATCH,4.58,3.04,3.73,2028.07,0,0,0,WATCH,"[운전 현황] 주입 3회 / 배출 14회. 주입 TRO 최솟값 3.41ppm / 평균 4.58ppm(5~10ppm 미달). 배출 TRO 최댓값 3.04ppm(IMO 기준 초과). 총 처리량: 주입 150m³/0.5h, 배출 1880m³/5.29h.  ‖  [ECU] 전류 2028.07A / 유량 300m³/h / ANU Operating.  ‖  [TRO 경고] 배출 TRO 3.04ppm — IMO 기준(0.1ppm) 대폭 초과. TRO 센서 교차오염, Ballast/Deballast 컬럼 혼동, 또는 중화 불량 가능성. Data Log 원본 확인 권장.  ‖  [알람없음] 이상 알람 없음.  ‖  [운항 해역] 동아시아, 동남아시아, 인도양/중동.  ‖  [종합] 주입 TRO 미달, 배출 TRO 기준 초과, 배출 TRO 이상값 확인 필요. 주의 필요 — 알람 내역 및 TRO 수치를 모니터링하시기 바랍니다."
KMTC MUNDRA,2026-02,WATCH,6.41,0.22,3.9,2040.67,3,0,0,WATCH,"[운전 현황] 주입 2회 / 배출 2회. 주입 TRO 최솟값 0.1ppm / 평균 6.41ppm(5~10ppm 미달). 배출 TRO 최댓값 0.22ppm(IMO 기준 초과). 총 처리량: 주입 1407m³/2.93h, 배출 2515m³/3.08h.  ‖  [ECU] 전류 2040.67A / 유량 652.59m³/h / ANU Operating.  ‖  🔧 밸브 이상 (Alarm 4건) — 밸브 공압 실린더, 리미트 스위치, 솔레노이드 밸브 점검  ‖  🔬 TRO 이상 (Trip 1건 / Alarm 1건) — Ballast 중 TRO <5mg/L (3회 연속 시 발생). CLX 시약 유효기간 및 TSU Bypass Line 소통 상태 점검  ‖  💧 유량 이상 (Alarm 1건) — 유량 <15% (3분 지속 Alarm, 5분 Fault). 해수 펌프, 스트레이너 막힘, 흡입 밸브 점검  ‖  ⚠️ 반복 알람: CODE200(5회) — 근본 원인 분석(RCA) 필요  ‖  [운항 해역] 기타, 동남아시아.  ‖  [종합] Trip 1건 발생, 주입 TRO 미달, 배출 TRO 기준 초과. 즉각적인 장비 점검 및 원인 분석이 필요합니다. 알람 다발 — 정비 이력 확인 권장."
KMTC KEELUNG,2026-03,WATCH,,,,,14,0,0,WATCH,"[운전 현황] 주입 3회 / 배출 2회. 주입 TRO 미수신. 배출 TRO 최댓값 미수신. 총 처리량: 주입 475m³/1.92h, 배출 526m³/2.68h.  ‖  ⚠️ 기타 (Alarm 1건) — 상세 원인 확인 후 제조사 기술지원 요청  ‖  🔧 밸브 이상 (Alarm 10건) — 밸브 공압 실린더, 리미트 스위치, 솔레노이드 밸브 점검  ‖  🚨 안전 경고 (Alarm 1건) — IMO 규정 위반 가능성. 즉시 운전 중지 후 밸브 라인업 및 TRO 센서 확인  ‖  ⚠️ 반복 알람: CODE721(9회) — 근본 원인 분석(RCA) 필요  ‖  [운전 이상] [볼륨 미기록 의심] 159건.  ‖  [운항 해역] 동남아시아, 동아시아.  ‖  [종합] . 즉각적인 장비 점검 및 원인 분석이 필요합니다. 알람 다발 — 정비 이력 확인 권장."
KMTC HOCHIMINH,2026-03,WATCH,,,,,6,0,0,WATCH,"[운전 현황] 주입 14회 / 배출 13회. 주입 TRO 미수신. 배출 TRO 최댓값 미수신. 총 처리량: 주입 2613m³/3.99h, 배출 4002m³/5.55h.  ‖  🔧 밸브 이상 (Alarm 7건) — 밸브 공압 실린더, 리미트 스위치, 솔레노이드 밸브 점검  ‖  🔬 TRO 이상 (Trip 2건) — Ballast 중 TRO <5mg/L (3회 연속 시 발생). CLX 시약 유효기간 및 TSU Bypass Line 소통 상태 점검  ‖  ⚠️ 기타 (Alarm 2건) — 상세 원인 확인 후 제조사 기술지원 요청  ‖  🧪 중화제 이상 (Alarm 3건) — 중화제 보충 필요. 레벨 센서 및 공급 라인 밸브 점검  ‖  [운전 이상] [볼륨 미기록 의심] 332건.  ‖  [운항 해역] 동남아시아, 동아시아.  ‖  [종합] Trip 2건 발생. 즉각적인 장비 점검 및 원인 분석이 필요합니다. 알람 다발 — 정비 이력 확인 권장."
KMTC MANILA,2026-03,WATCH,6.26,0.04,3,3389.41,0,0,0,WATCH,"[운전 현황] 주입 6회 / 배출 1회. 주입 TRO 최솟값 0.1ppm / 평균 6.26ppm(5~10ppm 미달). 배출 TRO 최댓값 0.04ppm(IMO 기준 충족). 총 처리량: 주입 1275m³/3.32h, 배출 104m³/0.32h.  ‖  [ECU] 전류 3389.41A / 유량 391.26m³/h / ANU Standby.  ‖  🔧 밸브 이상 (Alarm 5건) — 밸브 공압 실린더, 리미트 스위치, 솔레노이드 밸브 점검  ‖  🔬 TRO 이상 (Trip 1건) — Ballast 중 TRO <5mg/L (3회 연속 시 발생). CLX 시약 유효기간 및 TSU Bypass Line 소통 상태 점검  ‖  [운전 이상] [종료시간 누락] 1건.  ‖  [운항 해역] 동남아시아, 동아시아.  ‖  [종합] Trip 1건 발생, 주입 TRO 미달. 즉각적인 장비 점검 및 원인 분석이 필요합니다. "
KMTC COLOMBO,2026-03,WATCH,6.73,5.22,,,8,0,0,WATCH,"[운전 현황] 주입 7회 / 배출 12회. 주입 TRO 최솟값 1.53ppm / 평균 6.73ppm(5~10ppm 미달). 배출 TRO 최댓값 5.22ppm(IMO 기준 초과). 총 처리량: 주입 9700.84m³/18.9h, 배출 9197.42m³/15.68h.  ‖  [ECU] 유량 543.76m³/h / ANU Standby.  ‖  [TRO 경고] 배출 TRO 5.22ppm — IMO 기준(0.1ppm) 대폭 초과. TRO 센서 교차오염, Ballast/Deballast 컬럼 혼동, 또는 중화 불량 가능성. Data Log 원본 확인 권장.  ‖  🔧 밸브 이상 (Alarm 11건) — 밸브 작동 중 ECS 비정상 종료. 밸브 현재 위치 확인 후 수동 리셋  ‖  ⚠️ 기타 (Alarm 2건) — 상세 원인 확인 후 제조사 기술지원 요청  ‖  🔬 TRO 이상 (Trip 1건) — Ballast >10mg/L 또는 Deballast >0.1mg/L(IMO)/>0.07mg/L(USCG). STS 주입 펌프 및 ANU 탱크 레벨 확인  ‖  🧪 중화제 이상 (Alarm 2건) — 중화제 보충 필요. 레벨 센서 및 공급 라인 밸브 점검  ‖  ⚡ ECU/전원 이상 (Alarm 1건) — 자동 운전 불가 상태. RCM 셀렉트 스위치 변경 또는 원인 알람 확인 후 리셋  ‖  ⚠️ 반복 알람: CODE731(9회), CODE220(6회) — 근본 원인 분석(RCA) 필요  ‖  [운항 해역] 동남아시아, 동아시아.  ‖  [종합] Trip 1건 발생, 주입 TRO 미달, 배출 TRO 기준 초과, 배출 TRO 이상값 확인 필요. 즉각적인 장비 점검 및 원인 분석이 필요합니다. 알람 다발 — 정비 이력 확인 권장."
KMTC SINGAPORE,2026-04,WATCH,,,6.48,1866.73,13,0,0,WATCH,"[운전 현황] 운용 8일(발라스팅 5일 / 디발라스팅 3일). 주입 9회 / 배출 3회. 주입 TRO 미수신(5~10ppm 미달). 배출 TRO 최댓값 미수신(IMO 기준 초과). 총 처리량: 주입 1455m³/4.82h, 배출 1430m³/4.76h.  ‖  [ECU] 전류 1873.14A / 유량 300m³/h / ANU Operating — 정상 상관관계.  ‖  🔬 TRO 이상 (Alarm 1건) — CLX 시약 유효기간 및 TSU Bypass Line 점검 / STS 주입 펌프 점검.  ‖  ⚙️ 밸브 이상 (Alarm 3건) — 밸브 상태 점검 및 제어 시스템 확인 / 밸브 개폐 상태 확인 및 센서 점검 / 냉각수 입구 밸브 점검 및 개방 확인.  ‖  [운전 이상] Bypass 운전 289건, 전압 미인가 의심 1건, 전류 미공급 의심 1건 발생. ECS 시작/정지 불일치 패턴 감지.  ‖  [운항 해역] 동남아시아, 동아시아.  ‖  [VRCS] 밸브 제어 시스템 알람 9건 — 별도 조치 필요.  ‖  [종합] 주입/배출 TRO 미수신, 밸브 관련 알람 및 운전 이상 패턴 감지. 알람 내역 및 TRO 수치를 모니터링하시기 바랍니다."
KMTC JEBEL ALI,2026-04,WATCH,,0.05,,,9,0,0,WATCH,"[운전 현황] 운용 2일(발라스팅 0일 / 디발라스팅 2일). 주입 0회 / 배출 10회. 주입 TRO 미수신. 배출 TRO 최댓값 0.05ppm(IMO 기준 충족). 총 처리량: 주입 0m³/0h, 배출 824m³/2.18h.  ‖  [ECU] 전류 0A / 유량 410.96m³/h / ANU Operating — 전압/전류 미인가 의심 및 유량 없음 주의 패턴 감지.  ‖  ⚙️ 밸브 이상 (Trip 0건 / Alarm 14건) — 밸브 상태 확인 및 수동 조작 / 밸브 구동부 점검 및 제어 로직 확인.  ‖  🔬 TRO 이상 (Trip 0건 / Alarm 2건) — TRO 센서 점검 및 필터 청소.  ‖  ⚠️ 반복 알람: CODE721(12회), CODE731(2회), CODE220(2회) — 근본 원인 분석(RCA) 필요.  ‖  [운전 이상] 디발라스팅 중 볼륨 미기록 의심 1건 발생.  ‖  [운항 해역] 동남아시아.  ‖  [VRCS] 밸브 제어 시스템 알람 9건 — 별도 조치 필요.  ‖  [종합] 밸브 및 TRO 센서 알람이 반복적으로 발생하고 전압/전류 미인가 의심 및 유량 없음 주의 패턴이 감지되어 주의 필요 — 알람 내역 및 TRO 수치를 모니터링하시기 바랍니다."
KMTC MUNDRA,2026-04,WATCH,6.34,,4.01,2259.2,2,0,1,WATCH,"[운전 현황] 운용 3일(발라스팅 3일 / 디발라스팅 0일). 주입 7회 / 배출 0회. 주입 TRO 최솟값 0.1ppm / 평균 6.34ppm(5~10ppm 미달). 배출 TRO 최댓값 미수신. 총 처리량: 주입 2321m³/6.49h.  ‖  [ECU] 전류 2265.03A / 유량 360.08m³/h / ANU Standby.  ‖  ⚠️ 기타 (Alarm 1건) — 상세 원인 확인 후 제조사 기술지원 요청  ‖  🔬 TRO 이상 (Trip 1건) — Ballast 중 TRO <5mg/L (3회 연속 시 발생). CLX 시약 유효기간 및 TSU Bypass Line 소통 상태 점검  ‖  🔧 밸브 이상 (Alarm 5건) — 밸브 작동 중 ECS 비정상 종료. 밸브 현재 위치 확인 후 수동 리셋  ‖  ⚡ ECU/전원 이상 (Trip 1건) — ECU 내부 점검 — 전류 과부하(>PRU×1125A), 고압(>4.5bar), 고온(>45°C), VLS 에러 가능성. PRU 상태 및 전극 확인  ‖  💧 유량 이상 (Alarm 1건) — 유량 <15% (3분 지속 Alarm, 5분 Fault). 해수 펌프, 스트레이너 막힘, 흡입 밸브 점검  ‖  ⚠️ 반복 알람: CODE200(6회), CODE731(6회) — 근본 원인 분석(RCA) 필요  ‖  [운전 이상] [중복기록 의심] 1건.  ‖  [운항 해역] 기타, 인도양/중동, 동남아시아.  ‖  [종합] Trip 2건 발생, 주입 TRO 미달. 즉각적인 장비 점검 및 원인 분석이 필요합니다. 알람 다발 — 정비 이력 확인 권장."
KMTC COLOMBO,2026-04,WATCH,6.75,0.21,,,7,2,0,WATCH,"[운전 현황] 운용 6일(발라스팅 5일 / 디발라스팅 2일). 주입 10회 / 배출 3회. 주입 TRO 0.79~6.75ppm(5~10ppm 미달). 배출 TRO 최댓값 0.21ppm(IMO 기준 초과). 총 처리량: 주입 4521.39m³/10.81h, 배출 1295.23m³/2.02h.  ‖  [ECU] 유량 450.57m³/h / ANU Standby.  ‖  🔬 TRO 이상 (Alarm 1건) — CLX 시약 유효기간 및 TSU Bypass Line 점검 / STS 주입 펌프 점검.  ‖  ⚙️ 밸브 이상 (Alarm 1건) — 밸브 점검 및 수리.  ‖  ⚡ ECU 이상 (Trip 7건) — ECU 모듈 점검 및 교체 / 전원 공급 장치 점검.  ‖  ⚠️ 반복 알람: CODE406(4회), CODE100(3회) — 근본 원인 분석(RCA) 필요.  ‖  [운전 이상] 운전시간 오류 2건 발생 (runtime=0, volume=8.38 / runtime=0, volume=9.27).  ‖  [운항 해역] 동아시아.  ‖  [VRCS] 밸브 제어 시스템 알람 109건 — 별도 조치 필요.  ‖  [종합] Trip 7건 발생, 주입 TRO 미달, 배출 TRO 기준 초과. 즉각적인 장비 점검 및 원인 분석이 필요합니다."
KMTC QINGDAO,2026-05,WATCH,,,9.26,2111.74,8,0,0,WATCH,"[운전 현황] 주입 0회 / 배출 0회. 주입 TRO 미수신. 배출 TRO 최댓값 미수신.  ‖  [ECU] 전류 2220.93A / 유량 663.02m³/h / ANU Operating.  ‖  ⚠️ 기타 (Alarm 6건) — 상세 원인 확인 후 제조사 기술지원 요청  ‖  🚨 안전 경고 (Alarm 2건) — IMO 규정 위반 가능성. 즉시 운전 중지 후 밸브 라인업 및 TRO 센서 확인  ‖  🔬 TRO 이상 (Trip 1건) — Ballast 중 TRO <5mg/L (3회 연속 시 발생). CLX 시약 유효기간 및 TSU Bypass Line 소통 상태 점검  ‖  🌡️ 환경/센서 (Trip 9건) — 염분 <1.0PSU (1분 지속 Alarm, 2분 Fault). 저염분 해역 운항 시 처리 효율 저하. CSU 센서 점검  ‖  🔧 밸브 이상 (Alarm 2건) — 밸브 공압 실린더, 리미트 스위치, 솔레노이드 밸브 점검  ‖  🧪 중화제 이상 (Alarm 3건) — 중화제(NaCl) 초기 충전 필요. 레벨 센서 영점 교정 및 탱크 상태 확인  ‖  ⚠️ 반복 알람: CODE607(9회), CODE220(6회) — 근본 원인 분석(RCA) 필요  ‖  [종합] Trip 10건 발생. 즉각적인 장비 점검 및 원인 분석이 필요합니다. 알람 다발 — 정비 이력 확인 권장."
KMTC HOCHIMINH,2026-05,WATCH,,,3.74,2799.89,4,0,0,WATCH,"[운전 현황] 운용 8일(발라스팅 4일 / 디발라스팅 6일). 주입 14회 / 배출 11회. 주입 TRO 미수신. 배출 TRO 최댓값 미수신. 총 처리량: 주입 4903m³/7.3h, 배출 6142m³/9.79h.  ‖  [ECU] 전류 2806.29A / 유량 648.39m³/h / ANU Operating.  ‖  🔬 TRO 이상 (Alarm 2건) — Ballast 중 TRO <5mg/L (3회 연속 시 발생). CLX 시약 유효기간 및 TSU Bypass Line 소통 상태 점검  ‖  ⚡ ECU/전원 이상 (Trip 11건 / Alarm 1건) — ECU 내부 점검 — 전류 과부하(>PRU×1125A), 고압(>4.5bar), 고온(>45°C), VLS 에러 가능성. PRU 상태 및 전극 확인  ‖  🚨 안전 경고 (Alarm 1건) — IMO 규정 위반 가능성. 즉시 운전 중지 후 밸브 라인업 및 TRO 센서 확인  ‖  ⚠️ 반복 알람: CODE100(11회) — 근본 원인 분석(RCA) 필요  ‖  [운전 이상] [중복기록 의심] 5건.  ‖  [운항 해역] 동남아시아, 동아시아.  ‖  [VRCS] 밸브 제어 시스템 알람 53건 — BWTS 판정과 별개로 별도 조치 필요.  ‖  [종합] Trip 11건 발생. 즉각적인 장비 점검 및 원인 분석이 필요합니다. "
KMTC MUNDRA,2026-05,WATCH,6.16,3.88,4.34,2811.59,5,0,0,WATCH,"[운전 현황] 운용 4일(발라스팅 2일 / 디발라스팅 4일). 주입 3회 / 배출 7회. 주입 TRO 최솟값 0.47ppm / 평균 6.16ppm(5~10ppm 미달). 배출 TRO 최댓값 3.88ppm(IMO 기준 초과). 총 처리량: 주입 1707m³/3.53h, 배출 5248m³/11.3h.  ‖  [ECU] 전류 2811.59A / 유량 470.36m³/h / ANU Standby.  ‖  [TRO 경고] 배출 TRO 3.88ppm — IMO 기준(0.1ppm) 대폭 초과. TRO 센서 교차오염, Ballast/Deballast 컬럼 혼동, 또는 중화 불량 가능성. Data Log 원본 확인 권장.  ‖  💧 유량 이상 (Trip 18건) — 유량 <15% (3분 지속 Alarm, 5분 Fault). 해수 펌프, 스트레이너 막힘, 흡입 밸브 점검  ‖  🔧 밸브 이상 (Alarm 2건) — 밸브 작동 중 ECS 비정상 종료. 밸브 현재 위치 확인 후 수동 리셋  ‖  🔬 TRO 이상 (Alarm 4건) — Ballast >10mg/L 또는 Deballast >0.1mg/L(IMO)/>0.07mg/L(USCG). STS 주입 펌프 및 ANU 탱크 레벨 확인  ‖  ⚡ ECU/전원 이상 (Trip 1건) — ECU 내부 점검 — 전류 과부하(>PRU×1125A), 고압(>4.5bar), 고온(>45°C), VLS 에러 가능성. PRU 상태 및 전극 확인  ‖  ⚠️ 반복 알람: CODE604(18회) — 근본 원인 분석(RCA) 필요  ‖  [운전 이상] [중복기록 의심] 1건.  ‖  [운항 해역] 동남아시아, 인도양/중동.  ‖  [VRCS] 밸브 제어 시스템 알람 110건 — BWTS 판정과 별개로 별도 조치 필요.  ‖  [종합] Trip 19건 발생, 주입 TRO 미달, 배출 TRO 기준 초과, 배출 TRO 이상값 확인 필요. 즉각적인 장비 점검 및 원인 분석이 필요합니다. 알람 다발 — 정비 이력 확인 권장."
KMTC KEELUNG,2026-01,GOOD,,,,,0,0,0,GOOD,"[운전 현황] 주입 0회 / 배출 0회. 주입 TRO 미수신. 배출 TRO 최댓값 미수신.  ‖  [알람없음] 이상 알람 없음.  ‖  [종합] 전반적으로 정상 운전 중. 특이사항 없음."
KMTC SHANGHAI,2026-01,GOOD,,,3.74,1928.16,0,0,0,GOOD,"[운전 현황] 주입 21회 / 배출 12회. 주입 TRO 미수신. 배출 TRO 최댓값 미수신. 총 처리량: 주입 1741m³/5.82h, 배출 1514m³/6.66h.  ‖  [ECU] 전류 1928.16A / 유량 268.84m³/h / ANU Operating.  ‖  [알람없음] 이상 알람 없음.  ‖  [운항 해역] 동남아시아, 동아시아.  ‖  [종합] 주의 필요 — 알람 내역 및 TRO 수치를 모니터링하시기 바랍니다."
KMTC NINGBO,2026-01,GOOD,,,,,0,0,0,GOOD,"[운전 현황] 주입 0회 / 배출 0회. 주입 TRO 미수신. 배출 TRO 최댓값 미수신.  ‖  [알람없음] 이상 알람 없음.  ‖  [종합] 전반적으로 정상 운전 중. 특이사항 없음."
KMTC CHENNAI,2026-01,GOOD,6.44,7.25,3.4,3327.63,1,0,0,GOOD,"[운전 현황] 주입 16회 / 배출 20회. 주입 TRO 최솟값 0.25ppm / 평균 6.44ppm(5~10ppm 미달). 배출 TRO 최댓값 7.25ppm(IMO 기준 초과). 총 처리량: 주입 1316m³/2.41h, 배출 2140m³/4.36h.  ‖  [ECU] 전류 3327.63A / 유량 502.49m³/h / ANU Operating.  ‖  [TRO 경고] 배출 TRO 7.25ppm — IMO 기준(0.1ppm) 대폭 초과. TRO 센서 교차오염, Ballast/Deballast 컬럼 혼동, 또는 중화 불량 가능성. Data Log 원본 확인 권장.  ‖  ⚠️ 기타 (Alarm 1건) — Event Log 100건 초과. 반복 알람 원인 분석 및 전체 로그 상세 검토 필요  ‖  [운항 해역] 동남아시아, 인도양/중동.  ‖  [종합] 주입 TRO 미달, 배출 TRO 기준 초과, 배출 TRO 이상값 확인 필요. 주의 필요 — 알람 내역 및 TRO 수치를 모니터링하시기 바랍니다."
KMTC KEELUNG,2026-02,GOOD,,,,,0,0,0,GOOD,"[운전 현황] 주입 0회 / 배출 0회. 주입 TRO 미수신. 배출 TRO 최댓값 미수신.  ‖  [알람없음] 이상 알람 없음.  ‖  [종합] 전반적으로 정상 운전 중. 특이사항 없음."
KMTC SHANGHAI,2026-02,GOOD,,,3.87,2162.94,0,0,0,GOOD,"[운전 현황] 주입 11회 / 배출 49회. 주입 TRO 미수신. 배출 TRO 최댓값 미수신. 총 처리량: 주입 1654m³/5.05h, 배출 2270m³/10.36h.  ‖  [ECU] 전류 2162.94A / 유량 258.6m³/h / ANU Operating.  ‖  [알람없음] 이상 알람 없음.  ‖  [운항 해역] 동아시아, 동남아시아.  ‖  [종합] 주의 필요 — 알람 내역 및 TRO 수치를 모니터링하시기 바랍니다."
KMTC NINGBO,2026-02,GOOD,,,,,0,0,0,GOOD,"[운전 현황] 주입 0회 / 배출 0회. 주입 TRO 미수신. 배출 TRO 최댓값 미수신.  ‖  🧪 중화제 이상 (Alarm 3건) — 중화제(NaCl) 초기 충전 필요. 레벨 센서 영점 교정 및 탱크 상태 확인  ‖  [종합] 주의 필요 — 알람 내역 및 TRO 수치를 모니터링하시기 바랍니다."
KMTC CHENNAI,2026-02,GOOD,6.18,,4.07,3136.15,1,0,0,GOOD,"[운전 현황] 주입 6회 / 배출 0회. 주입 TRO 최솟값 0.79ppm / 평균 6.18ppm(5~10ppm 미달). 배출 TRO 최댓값 미수신. 총 처리량: 주입 1207m³/2.22h.  ‖  [ECU] 전류 3136.15A / 유량 547.32m³/h / ANU Standby.  ‖  ⚠️ 기타 (Alarm 1건) — Event Log 100건 초과. 반복 알람 원인 분석 및 전체 로그 상세 검토 필요  ‖  [운항 해역] 동아시아, 동남아시아.  ‖  [종합] 주입 TRO 미달. 주의 필요 — 알람 내역 및 TRO 수치를 모니터링하시기 바랍니다."
KMTC ULSAN,2026-03,GOOD,7.28,0.06,4,1814.85,7,0,0,GOOD,"[운전 현황] 주입 10회 / 배출 4회. 주입 TRO 최솟값 0.12ppm / 평균 7.28ppm(5~10ppm 미달). 배출 TRO 최댓값 0.06ppm(IMO 기준 충족). 총 처리량: 주입 738m³/2.36h, 배출 258m³/1.34h.  ‖  [ECU] 전류 1814.85A / 유량 270.51m³/h / ANU Standby.  ‖  🔬 TRO 이상 (Alarm 1건) — Ballast >10mg/L 또는 Deballast >0.1mg/L(IMO)/>0.07mg/L(USCG). STS 주입 펌프 및 ANU 탱크 레벨 확인  ‖  🔧 밸브 이상 (Alarm 8건) — 밸브 작동 중 ECS 비정상 종료. 밸브 현재 위치 확인 후 수동 리셋  ‖  [운항 해역] 동아시아, 동남아시아.  ‖  [종합] 주입 TRO 미달. 즉각적인 장비 점검 및 원인 분석이 필요합니다. 알람 다발 — 정비 이력 확인 권장."
KMTC SHANGHAI,2026-03,GOOD,,,3.63,1558.85,0,0,0,GOOD,"[운전 현황] 주입 4회 / 배출 10회. 주입 TRO 미수신. 배출 TRO 최댓값 미수신. 총 처리량: 주입 155m³/0.65h, 배출 893m³/5.02h.  ‖  [ECU] 전류 1558.85A / 유량 191.04m³/h / ANU Operating.  ‖  [알람없음] 이상 알람 없음.  ‖  [운항 해역] 동아시아, 동남아시아.  ‖  [종합] 주의 필요 — 알람 내역 및 TRO 수치를 모니터링하시기 바랍니다."
KMTC NINGBO,2026-03,GOOD,,,,,0,0,0,GOOD,"[운전 현황] 주입 0회 / 배출 0회. 주입 TRO 미수신. 배출 TRO 최댓값 미수신.  ‖  [알람없음] 이상 알람 없음.  ‖  [종합] 전반적으로 정상 운전 중. 특이사항 없음."
KMTC CHENNAI,2026-03,GOOD,,,,,1,0,0,GOOD,"[운전 현황] 주입 0회 / 배출 0회. 주입 TRO 미수신. 배출 TRO 최댓값 미수신.  ‖  ⚠️ 기타 (Alarm 1건) — Event Log 100건 초과. 반복 알람 원인 분석 및 전체 로그 상세 검토 필요  ‖  [종합] 주의 필요 — 알람 내역 및 TRO 수치를 모니터링하시기 바랍니다."
KMTC MUNDRA,2026-03,GOOD,7.36,3.28,4.26,2258.09,1,0,0,GOOD,"[운전 현황] 주입 1회 / 배출 2회. 주입 TRO 최솟값 8.2ppm / 평균 7.36ppm(5~10ppm 충족). 배출 TRO 최댓값 3.28ppm(IMO 기준 초과). 총 처리량: 주입 154m³/0.38h, 배출 183m³/0.4h.  ‖  [ECU] 전류 2258.09A / 유량 429.68m³/h / ANU Operating — 전류·유량·TRO 정상 상관관계 확인.  ‖  [TRO 경고] 배출 TRO 3.28ppm — IMO 기준(0.1ppm) 대폭 초과. TRO 센서 교차오염, Ballast/Deballast 컬럼 혼동, 또는 중화 불량 가능성. Data Log 원본 확인 권장.  ‖  📡 통신 장애 (Trip 1건) — 해당 센서 배선 및 커넥터 점검. 센서 모듈 교체 필요 여부 확인  ‖  🚨 안전 경고 (Trip 1건) — >25%LEL Alarm, >50%LEL Fault(Shutdown). 전해조 가스 누출 점검. 환기 팬 작동 확인  ‖  🔬 TRO 이상 (Alarm 2건) — Ballast 중 TRO <5mg/L (3회 연속 시 발생). CLX 시약 유효기간 및 TSU Bypass Line 소통 상태 점검  ‖  🔧 밸브 이상 (Alarm 2건) — 냉각수 공급 밸브(F.W Inlet) 리미트 스위치 및 공압 점검. 에어 벤트 확인  ‖  💧 유량 이상 (Alarm 1건) — 유량 <15% (3분 지속 Alarm, 5분 Fault). 해수 펌프, 스트레이너 막힘, 흡입 밸브 점검  ‖  [운항 해역] 동남아시아.  ‖  [종합] Trip 2건 발생, 배출 TRO 기준 초과, 배출 TRO 이상값 확인 필요. 즉각적인 장비 점검 및 원인 분석이 필요합니다. "
KMTC ULSAN,2026-04,GOOD,7.28,0.06,4,1814.85,2,0,0,GOOD,"[운전 현황] 운용 5일(발라스팅 3일 / 디발라스팅 3일). 주입 10회 / 배출 4회. 주입 TRO 최솟값 0.12ppm(5~10ppm 미달), 평균 7.28ppm(5~10ppm 충족). 배출 TRO 최댓값 0.06ppm(IMO 기준 충족). 총 처리량: 주입 738m³/312.71m³h, 배출 258m³/192.54m³h.  ‖  [ECU] 전류 평균 1814.85A / 유량 평균 270.51m³/h / ANU Standby. Bypass 운전 80건, 전압 미인가 의심 80건, 전류 미공급 의심 80건이 감지되었습니다.  ‖  ⚙️ 밸브 이상 (Alarm 2건) — 밸브 작동 상태 점검 및 제어 시스템 확인.  ‖  [운항 해역] 동아시아, 동남아시아.  ‖  [VRCS] 밸브 제어 시스템 알람 34건 — 별도 조치 필요.  ‖  [종합] 주입 TRO 최솟값 미달, ECU 이상 패턴 및 밸브 알람이 감지되었습니다. 알람 내역 및 TRO 수치를 모니터링하시기 바랍니다."
KMTC JAKARTA,2026-04,GOOD,5.75,1.75,4.39,1788.79,0,0,0,GOOD,"[운전 현황] 운용 5일(발라스팅 2일 / 디발라스팅 3일). 주입 3회 / 배출 11회. 주입 TRO 0.64~5.75ppm(5~10ppm 미달). 배출 TRO 최댓값 1.75ppm(IMO 기준 초과). 총 처리량: 주입 393m³/1.71h, 배출 563m³/3.09h.  ‖  [ECU] 전류 1788.79A / 유량 213.07m³/h / ANU Operating — 정상 범위이나, 바이패스 운전 185건, 전압 미인가 의심 185건, 전류 미공급 의심 185건 발생.  ‖  [TRO 경고] 배출 TRO 1.75ppm — IMO 기준(0.1ppm) 대폭 초과. TRO 센서 교차오염, Ballast/Deballast 컬럼 혼동, 또는 중화 불량 가능성.  ‖  [운전 이상] 유량 없음 주의 16건 발생.  ‖  [운항 해역] 동남아시아.  ‖  [종합] 주입 TRO 미달, 배출 TRO 기준 초과. 주의 필요 — 알람 내역 및 TRO 수치를 모니터링하시기 바랍니다."
KMTC SHANGHAI,2026-04,GOOD,,,3.71,2199.82,0,0,0,GOOD,"[운전 현황] 운용 4일(발라스팅 3일 / 디발라스팅 2일). 주입 10회 / 배출 4회. 주입 TRO 미수신(5~10ppm 미달). 배출 TRO 최댓값 미수신(IMO 기준 초과). 총 처리량: 주입 852m³/2.56h, 배출 510m³/2.69h.  ‖  [ECU] 전류 2199.82A / 유량 266.1m³/h / ANU Operating — 정상 상관관계.  ‖  [운전 이상] 바이패스 운전 165건, 유량 없음 2건, 펌프 미작동 1건 발생.  ‖  [운항 해역] 동아시아, 동남아시아.  ‖  [종합] 주입 및 배출 TRO 수치 미수신, 바이패스 운전 및 유량/펌프 관련 이상 발생. 알람 내역 및 TRO 수치를 모니터링하시기 바랍니다."
KMTC TIANJIN,2026-04,GOOD,,,4.16,1488.63,3,0,0,GOOD,"[운전 현황] 운용 1일(발라스팅 1일 / 디발라스팅 0일). 주입 6회 / 배출 0회. 주입 TRO 미수신(5~10ppm 미달). 배출 TRO 미수신(IMO 기준 충족). 총 처리량: 주입 541.88m³/1.22h, 배출 0m³/0h.  ‖  [ECU] 전류 1488.63A / 유량 422.24m³/h / ANU Standby — 정상 상관관계.  ‖  🔬 TRO 이상 (Trip 4건 / Alarm 0건) — CLX 시약 유효기간 및 TSU Bypass Line 점검 / STS 주입 펌프 점검.  ‖  🌊 유량 이상 (Trip 0건 / Alarm 1건) — 유량계 점검 및 배관 누수 확인.  ‖  ⚠️ 반복 알람: CODE201(4회) — 근본 원인 분석(RCA) 필요  ‖  [운항 해역] 인도양/중동.  ‖  [VRCS] 밸브 제어 시스템 알람 45건 — 별도 조치 필요.  ‖  [종합] Trip 4건 발생, 주입 TRO 미수신. 주의 필요 — 알람 내역 및 TRO 수치를 모니터링하시기 바랍니다."
KMTC CHENNAI,2026_04,GOOD,,,,,0,0,0,GOOD,"[운전 현황] 주입 0회 / 배출 0회. 주입 TRO 미수신. 배출 TRO 최댓값 미수신.  ‖  [알람없음] 이상 알람 없음.  ‖  [종합] 전반적으로 정상 운전 중. 특이사항 없음."
KMTC NHAVA SHEVA,2026_04,GOOD,,,,,0,0,0,GOOD,"[운전 현황] 주입 0회 / 배출 0회. 주입 TRO 미수신. 배출 TRO 최댓값 미수신.  ‖  [알람없음] 이상 알람 없음.  ‖  [종합] 전반적으로 정상 운전 중. 특이사항 없음."
KMTC ULSAN,2026-05,GOOD,,0.01,,,2,0,0,GOOD,"[운전 현황] 운용 1일(발라스팅 0일 / 디발라스팅 1일). 주입 0회 / 배출 1회. 주입 TRO 미수신. 배출 TRO 최댓값 0.01ppm(IMO 기준 충족). 총 처리량: 배출 37m³/0.17h.  ‖  [ECU] 유량 227.5m³/h / ANU Operating.  ‖  ⚠️ 기타 (Alarm 2건) — 상세 원인 확인 후 제조사 기술지원 요청  ‖  [운항 해역] 동아시아.  ‖  [VRCS] 밸브 제어 시스템 알람 34건 — BWTS 판정과 별개로 별도 조치 필요.  ‖  [종합] 전반적으로 정상 운전 중. 특이사항 없음."
KMTC NINGBO,2026_05,GOOD,,,,,0,0,0,GOOD,"[운전 현황] 주입 0회 / 배출 0회. 주입 TRO 미수신. 배출 TRO 최댓값 미수신.  ‖  [알람없음] 이상 알람 없음.  ‖  [종합] 전반적으로 정상 운전 중. 특이사항 없음."
KMTC CHENNAI,2026_05,GOOD,,,,,0,0,0,GOOD,"[운전 현황] 주입 0회 / 배출 0회. 주입 TRO 미수신. 배출 TRO 최댓값 미수신.  ‖  [알람없음] 이상 알람 없음.  ‖  [종합] 전반적으로 정상 운전 중. 특이사항 없음."
KMTC NHAVA SHEVA,2026_05,GOOD,,,,,0,0,0,GOOD,"[운전 현황] 주입 0회 / 배출 0회. 주입 TRO 미수신. 배출 TRO 최댓값 미수신.  ‖  [알람없음] 이상 알람 없음.  ‖  [종합] 전반적으로 정상 운전 중. 특이사항 없음."
KMTC COLOMBO,2026-05,GOOD,6.61,0.02,,,0,0,0,GOOD,"[운전 현황] 운용 3일(발라스팅 2일 / 디발라스팅 1일). 주입 2회 / 배출 2회. 주입 TRO 최솟값 2.4ppm / 평균 6.61ppm(5~10ppm 미달). 배출 TRO 최댓값 0.02ppm(IMO 기준 충족). 총 처리량: 주입 589.65m³/1.68h, 배출 2235.21m³/3.95h.  ‖  [ECU] 유량 499.4m³/h / ANU Standby.  ‖  [알람없음] 이상 알람 없음.  ‖  [운항 해역] 동아시아, 동남아시아.  ‖  [종합] 주입 TRO 미달. 주의 필요 — 알람 내역 및 TRO 수치를 모니터링하시기 바랍니다."